Date;Tavg temperatur (oC);RH_avg kelembapan (%);ss lama penyinaran matahari (jam);ff_avg kecepatan angin (Knot);RR curah hujan (mm);Price
01/01/2019;28,9;77;1;1;0;12100
02/01/2019;29;76;2,8;0;0;12100
03/01/2019;27,3;83;7,2;0;15,7;12200
04/01/2019;27,7;83;0;1;2,9;12200
05/01/2019;29,1;78;1,5;1;1,6;12200
06/01/2019;30,4;74;4;1;1,7;12200
07/01/2019;29,2;80;7,9;1;0;12150
08/01/2019;29,4;77;5;1;20;12200
09/01/2019;29,7;77;5,3;1;0,6;11950
10/01/2019;29,8;75;4,88;2;1,5;12000
11/01/2019;29,7;74;7,4;1;2,68;12000
12/01/2019;28,9;78;7,2;1;15,5;12000
13/01/2019;29;76;2;1;0;12000
14/01/2019;29,8;76;6,5;2;0;12000
15/01/2019;28,3;81;8,2;1;4;12000
16/01/2019;27,7;86;8,6;1;42,6;11950
17/01/2019;27,1;89;0;1;33;12100
18/01/2019;27,9;84;2,8;2;32,13;12100
19/01/2019;27,5;87;9;0;13,7;12100
20/01/2019;28,5;83;3,7;1;32,13;12100
21/01/2019;28,7;82;7,5;0;21,6;12100
22/01/2019;27,9;83;6,5;2;0;12100
23/01/2019;27,5;83;0,1;0;4,6;12100
24/01/2019;27,8;84;1,3;1;17,6;12100
25/01/2019;27,7;85;4,2;1;17,2;12100
26/01/2019;27,7;84;3,8;1;1,5;12100
27/01/2019;27,2;86;4,8;0;2;12100
28/01/2019;26,4;90;1,2;0;18,6;12100
29/01/2019;27,4;85;0;1;10,66;12100
30/01/2019;28,4;84;0,5;0;0;12150
31/01/2019;27,2;84;7,4;1;7,8;12150
01/02/2019;27,2;84;0,6;1;13;12150
02/02/2019;27,2;85;3,7;1;32,13;12150
03/02/2019;27,5;84;2,6;1;41;12150
04/02/2019;27,5;84;8;1;16;12150
05/02/2019;27,8;85;6,8;1;32,13;12150
06/02/2019;28,5;81;6,8;1;26,8;12100
07/02/2019;27,7;85;6,2;1;8,7;12100
08/02/2019;28,4;82;6,5;0;7,7;12100
09/02/2019;28,8;82;5,2;1;0;12100
10/02/2019;29,4;78;5,9;1;1,6;12100
11/02/2019;28,7;80;6,8;1;12,9;12100
12/02/2019;27,6;84;4,2;1;7,5;12100
13/02/2019;29;78;0,6;1;3,4;12100
14/02/2019;27,8;84;8;1;5;12100
15/02/2019;29,1;79;2;2;6,5;12100
16/02/2019;29;79;8,2;2;1,4;12100
17/02/2019;29,4;75;8,8;1;0;12100
18/02/2019;29,2;76;8,2;1;0,3;12100
19/02/2019;28,2;81;5,1;1;0;12100
20/02/2019;28,2;84;3,2;1;21,62;12100
21/02/2019;28,1;81;0,4;1;12,4;12100
22/02/2019;28,6;80;1,5;1;0;12100
23/02/2019;28,4;79;1,7;1;3;12100
24/02/2019;29,4;77;4,8;1;0;12100
25/02/2019;29,7;74;5,2;1;0;12100
26/02/2019;30;76;4,1;1;0;12100
27/02/2019;30,6;71;8,7;2;0;12150
28/02/2019;30;75;6,6;1;0;12150
01/03/2019;29,7;77;3,1;1;9,7;12150
02/03/2019;27,5;86;5,7;1;17;12150
03/03/2019;27,5;84;3;0;2,8;12150
04/03/2019;28,9;80;0,8;1;0,84;12150
05/03/2019;29;80;2,8;1;0;12150
06/03/2019;27;86;4,8;1;6,2;12150
07/03/2019;26,3;86;0,6;0;1,5;12150
08/03/2019;29,5;71;0,8;1;0,5;12150
09/03/2019;28,1;78;8,4;1;0;12150
10/03/2019;28,6;79;6,5;1;19,1;12150
11/03/2019;28,6;81;7,6;1;2,8;12150
12/03/2019;28,5;78;2;1;0;12150
13/03/2019;28,6;78;1,7;1;3,5;12150
14/03/2019;27,7;80;7,1;1;19;12150
15/03/2019;28,2;79;4,2;1;0,4;12150
16/03/2019;27,6;82;5,3;1;15,5;12150
17/03/2019;27,3;83;6,2;1;8,4;12150
18/03/2019;27,2;87;4,6;0;25,6;12150
19/03/2019;28,1;83;6,4;1;31,8;12150
20/03/2019;28,6;81;6,9;1;1,3;12150
21/03/2019;28,5;83;6,5;1;0;12150
22/03/2019;29,1;82;5;1;2,3;12150
23/03/2019;29,3;80;7,2;1;3;12150
24/03/2019;27,3;84;5;0;1,5;12150
25/03/2019;28,9;81;0;1;7,38;12150
26/03/2019;28,7;80;7,2;1;1;12150
27/03/2019;29,1;80;2,5;1;2,5;12000
28/03/2019;28,3;83;2,3;1;3;12150
29/03/2019;28,6;80;3;1;5,1;12150
30/03/2019;29,2;79;5,6;1;0;12150
31/03/2019;28,8;78;6,2;1;0;12150
01/04/2019;28,9;81;8,3;1;28;12150
02/04/2019;27,9;86;4,6;1;32,13;12150
03/04/2019;29,3;76;2,6;1;1;12100
04/04/2019;29;80;5,7;1;0;12100
05/04/2019;28,8;78;4,1;1;0;12100
06/04/2019;29;78;4,7;0;0;12100
07/04/2019;28,8;80;4,8;1;1;12100
08/04/2019;29,6;78;6,4;1;16;12100
09/04/2019;29,1;78;8,5;1;2,3;12050
10/04/2019;28,4;89;4;1;5,6;12050
11/04/2019;28;88;2;1;42,5;12050
12/04/2019;28,7;80;4;1;2,6;12050
13/04/2019;28;89;4,3;0;0;12050
14/04/2019;27,2;89;0,2;0;9;12050
15/04/2019;28,4;87;3,9;0;30,3;12100
16/04/2019;28,7;85;1,5;1;4;12050
17/04/2019;29,4;82;2,9;1;0;12050
18/04/2019;30,4;76;6,7;3;0;12050
19/04/2019;30,7;73;9,2;3;3,04;12050
20/04/2019;30,3;71;9,6;2;0;12050
21/04/2019;30,2;76;5,3;3;0;12050
22/04/2019;30,5;74;6,8;2;0;12050
23/04/2019;30,4;72;6;3;0,12;12050
24/04/2019;30,1;72;9,6;2;0;12050
25/04/2019;30;75;8,2;2;0;12050
26/04/2019;30;72;3,6;1;3,2;12050
27/04/2019;29,6;78;6,8;1;4,9;12050
28/04/2019;28,6;81;7,6;2;0;12050
29/04/2019;27,6;85;8;1;45,7;12100
30/04/2019;28,4;83;1,2;1;28,6;12050
01/05/2019;28,6;82;2,8;1;1;12050
02/05/2019;28,7;83;1,2;1;10,5;12050
03/05/2019;29,4;79;7,8;1;5,1;12050
04/05/2019;29,3;76;7,2;1;0;12050
05/05/2019;29,8;72;8,4;1;0,8;12050
06/05/2019;29,6;78;8;1;0;12050
07/05/2019;29,6;76;7;1;1,6;12050
08/05/2019;29,1;73;9;1;0;12050
09/05/2019;29,2;73;7,2;2;0;12050
10/05/2019;29,3;72;8,8;2;0,24;12050
11/05/2019;29,2;72;7,7;2;0;12050
12/05/2019;29;73;8,8;2;0;12050
13/05/2019;28,9;73;8;2;0;12050
14/05/2019;29,8;73;9,4;2;0;12050
15/05/2019;30,2;72;8,8;3;0;12050
16/05/2019;29,4;74;8,1;1;0;12050
17/05/2019;28,4;75;4,8;1;4,76;12050
18/05/2019;28,5;72;4;2;0;12050
19/05/2019;28,5;70;6,7;2;0;12050
20/05/2019;28,6;72;9,3;2;0;12050
21/05/2019;29,3;70;9,5;2;0;12050
22/05/2019;29,7;71;9,6;2;0;12050
23/05/2019;29,7;71;9,5;2;0;12050
24/05/2019;29,3;71;9,5;2;0;12050
25/05/2019;28,6;70;9,5;2;0;12050
26/05/2019;29,1;71;9,6;2;0;12050
27/05/2019;29,2;74;8,8;2;0;12100
28/05/2019;29,3;74;7,8;2;0;12100
29/05/2019;30;72;9;2;0;12100
30/05/2019;28,6;73;9;2;0;12100
31/05/2019;28,7;73;8,8;2;0;12100
01/06/2019;28,3;69;8,5;1;0;12100
02/06/2019;28,4;70;9,6;1;0;12100
03/06/2019;28,3;74;8;1;0;12050
04/06/2019;28,1;76;3;1;0;12050
05/06/2019;28,8;74;1;3;0;12050
06/06/2019;28,7;75;8,8;2;0;12050
07/06/2019;28,8;76;8,2;2;0;12050
08/06/2019;28,7;71;8,2;1;0;12050
09/06/2019;28,7;69;7,8;2;0;12050
10/06/2019;28,9;68;8;2;0;12050
11/06/2019;28,8;69;9,3;2;0;12100
12/06/2019;28,8;67;7,9;1;0;11950
13/06/2019;28,7;73;9,3;1;0;12100
14/06/2019;29,4;73;1,8;2;12,76;12100
15/06/2019;29,1;73;1,2;2;0;12100
16/06/2019;27,7;72;8;2;0;12100
17/06/2019;27,4;71;9,1;2;0;12100
18/06/2019;27,6;74;8,1;2;0;12100
19/06/2019;27,4;70;4;1;0;12100
20/06/2019;27,4;70;4,9;1;0;12100
21/06/2019;27,4;68;4,8;2;0;12100
22/06/2019;27,4;75;8;1;0;12100
23/06/2019;28;69;8;2;0;12100
24/06/2019;27,6;68;4,2;2;0;12100
25/06/2019;27,7;70;6,5;2;0;12100
26/06/2019;28,1;70;3,6;2;0;12100
27/06/2019;28;70;3,2;1;0;12100
28/06/2019;27,3;66;6,2;1;0;12100
29/06/2019;26,4;68;8,2;2;0;12100
30/06/2019;26,5;66;7,8;2;0;12100
01/07/2019;26,7;70;8;2;0;12050
02/07/2019;27,8;69;7;1;0;12050
03/07/2019;28,9;69;7,6;2;0;12050
04/07/2019;28,6;78;7,7;2;0;12050
05/07/2019;28,8;78;3,4;2;1,2;12050
06/07/2019;27,9;74;6,5;3;0,5;12050
07/07/2019;28,4;68;8,1;2;0;12050
08/07/2019;27,4;68;8;2;0;12050
09/07/2019;26,7;70;7,9;2;0;12050
10/07/2019;27,6;68;8,1;2;0;12100
11/07/2019;27,5;70;7,9;2;0;12100
12/07/2019;27,8;68;7,6;2;0;12100
13/07/2019;27,6;68;8,5;2;0;12100
14/07/2019;25,6;71;8;2;0;12100
15/07/2019;26,7;65;9,7;2;0;12050
16/07/2019;27,2;66;9;2;0;12050
17/07/2019;27;69;9,5;2;0;12050
18/07/2019;28,3;64;9,8;2;0;12050
19/07/2019;28,1;72;9,5;2;0;12050
20/07/2019;28,7;72;0,2;3;0;12050
21/07/2019;28,4;70;8,2;2;0;12050
22/07/2019;27,6;67;9,9;2;0;12100
23/07/2019;27,7;72;9,8;2;0;12100
24/07/2019;27,7;70;9,8;2;0;12100
25/07/2019;26,9;69;7,1;2;0;12100
26/07/2019;28,2;69;9,8;2;0;12100
27/07/2019;27,6;73;9,7;2;0;12100
28/07/2019;27,8;70;8,5;2;0;12100
29/07/2019;27,2;67;8,3;2;0;12100
30/07/2019;27,7;69;9,6;2;0;12050
31/07/2019;27,1;66;9,3;2;0;12050
01/08/2019;27,3;67;8,8;2;0;12050
02/08/2019;27,8;68;9,3;2;0;12050
03/08/2019;26,6;69;9,4;2;0;12050
04/08/2019;27,2;63;9;2;0;12050
05/08/2019;26,7;64;9,2;2;0;12100
06/08/2019;26,8;63;9;2;0;12100
07/08/2019;26,8;63;8,9;2;0;12100
08/08/2019;27;65;8,5;2;0;12100
09/08/2019;27,7;66;8,8;3;0;12100
10/08/2019;27,8;64;8,8;3;0;12100
11/08/2019;27,6;70;8,5;2;0;12100
12/08/2019;27,9;70;9,2;4;0;12100
13/08/2019;29,3;68;8,2;4;0;12100
14/08/2019;29,1;68;9,7;3;0;12100
15/08/2019;28,5;72;9,2;3;0;12100
16/08/2019;27,8;70;7,1;2;0;12100
17/08/2019;27,7;66;7,4;2;0;12100
18/08/2019;27,7;62;10;2;0;12100
19/08/2019;27,9;63;8,8;2;0;12100
20/08/2019;28,7;61;9,8;2;0;12100
21/08/2019;28,8;68;8,8;3;0;12100
22/08/2019;29,4;66;9,7;2;0;12100
23/08/2019;27,7;68;9,4;2;0;12100
24/08/2019;28,1;67;9,5;2;0;12100
25/08/2019;28,3;68;9,2;2;0;12100
26/08/2019;28,9;66;9,6;2;0;12100
27/08/2019;28,6;67;8,2;2;0;12100
28/08/2019;27,8;66;7,7;3;0;12100
29/08/2019;27,8;68;7;3;0;12100
30/08/2019;27,5;66;9,4;3;0;12100
31/08/2019;28;64;9,3;3;0;12100
01/09/2019;28;66;9,2;2;0;12100
02/09/2019;28,4;66;9,2;2;0;12050
03/09/2019;28,9;66;9,2;2;0;12050
04/09/2019;27,5;64;8,8;3;0;12050
05/09/2019;27,7;61;8,8;2;0;12050
06/09/2019;28,2;61;8,6;2;0;12050
07/09/2019;27,9;66;8,9;2;0;12050
08/09/2019;28,2;64;8,8;2;0;12050
09/09/2019;29;60;8,6;3;0;12050
10/09/2019;30,7;54;9;2;0;12050
11/09/2019;28,5;67;8,7;2;0;12050
12/09/2019;27,4;62;8,5;3;0;12050
13/09/2019;27,8;66;8,6;2;0;12050
14/09/2019;28,1;64;8,7;3;0;12050
15/09/2019;28,2;67;8,7;3;0;12050
16/09/2019;29,2;62;8,6;3;0;12050
17/09/2019;29;66;8,8;3;0;12050
18/09/2019;28,9;66;8,3;2;0;12050
19/09/2019;28,4;67;8,8;3;0;12050
20/09/2019;28,6;63;8,6;2;0;12050
21/09/2019;28,5;66;8,7;2;0;12050
22/09/2019;28,5;66;8,5;2;0;12050
23/09/2019;28,4;66;8,8;3;0;12050
24/09/2019;30,1;64;8,7;3;0;12050
25/09/2019;29,5;64;9;3;0;12050
26/09/2019;30,5;64;8,8;2;0;12050
27/09/2019;30,1;63;8;2;0;12050
28/09/2019;30,3;64;7,6;3;0;12050
29/09/2019;29,9;63;8,8;2;0;12050
30/09/2019;29,2;62;9;2;0;12050
01/10/2019;29;63;9,2;2;0;12050
02/10/2019;29,9;64;9,2;3;0;12050
03/10/2019;30,3;64;8,7;2;0;12050
04/10/2019;30,1;59;9;2;0;11900
05/10/2019;29,7;55;8,8;3;0;11900
06/10/2019;29,2;61;8,8;2;0;11900
07/10/2019;30;63;9;2;0;11900
08/10/2019;30,7;60;8,7;2;0;11950
09/10/2019;30,1;68;8,7;3;0;11950
10/10/2019;30,7;64;9;3;0;11950
11/10/2019;30,8;60;9,3;2;0;11950
12/10/2019;30,2;61;9;1;0;11950
13/10/2019;30,4;63;9;1;0;11950
14/10/2019;30,8;59;8,6;2;0;11950
15/10/2019;30,4;64;8,8;2;0;11950
16/10/2019;30,2;68;9,1;2;0;11950
17/10/2019;29,8;62;9,1;2;0;11950
18/10/2019;30,8;60;8,5;2;0;11950
19/10/2019;31;62;9,4;2;0;11950
20/10/2019;30,5;64;9,4;3;0;11950
21/10/2019;30,7;60;8,6;3;0;11950
22/10/2019;31,3;61;9,9;3;0;11950
23/10/2019;30,8;65;9,5;2;0;11950
24/10/2019;30,9;57;9,2;3;0;11950
25/10/2019;30,5;60;9;2;0;11950
26/10/2019;30,8;61;9,6;2;0;11950
27/10/2019;30,9;62;9,6;2;0;11950
28/10/2019;31,6;60;9,6;2;0;11950
29/10/2019;31,8;58;9,6;2;0;11950
30/10/2019;31,5;58;9;3;0;11950
31/10/2019;31,7;62;9,6;1;0;11950
01/11/2019;30,3;69;7;1;1;11950
02/11/2019;28,3;79;1,9;1;0;11950
03/11/2019;29,9;69;2;1;0,6;11950
04/11/2019;31,1;62;5,3;2;0;11900
05/11/2019;31;64;8,7;1;0;11900
06/11/2019;30,5;64;8,8;1;0;11900
07/11/2019;31,6;59;9;2;0;11900
08/11/2019;32,2;60;9,4;1;0;11900
09/11/2019;32,4;59;9,7;2;0;11900
10/11/2019;31,9;60;9,2;2;0;11900
11/11/2019;32,1;62;9,5;2;0;11900
12/11/2019;31;64;8,4;2;0;11900
13/11/2019;30,1;74;5;2;0;11900
14/11/2019;31;72;1,5;1;6,86;11900
15/11/2019;31,9;58;8,4;2;0;11900
16/11/2019;31,6;59;9,4;2;0;11900
17/11/2019;31,9;61;9,4;3;0;11900
18/11/2019;32,1;60;9,6;2;0;11900
19/11/2019;31,6;65;9,7;1;0;11950
20/11/2019;31,9;60;5,1;1;0;11950
21/11/2019;31,3;64;8;2;0;11950
22/11/2019;31,7;60;8,7;1;0;11950
23/11/2019;32,4;60;8,9;2;0;11950
24/11/2019;32,1;62;9,1;1;0;11950
25/11/2019;32;62;9;1;0;11900
26/11/2019;31,3;65;7,5;2;0;11900
27/11/2019;30,4;73;9,7;2;15,2;11900
28/11/2019;31,7;63;4,4;2;0;11950
29/11/2019;31,7;63;7,4;2;0;11950
30/11/2019;32,3;64;10;2;0;11950
01/12/2019;31,6;65;8,4;2;0;11950
02/12/2019;31,9;71;9,6;1;0;11950
03/12/2019;31,6;68;7,7;2;0;11950
04/12/2019;31,7;64;9;1;1;11950
05/12/2019;30,2;76;7,2;1;8;11950
06/12/2019;29,5;74;1,7;1;0;11950
07/12/2019;31,4;66;5,3;1;0;11950
08/12/2019;31,7;64;6,2;2;0;11950
09/12/2019;31,6;68;9,8;1;0;11950
10/12/2019;30,8;71;7,7;1;7,7;11950
11/12/2019;31,5;66;4,6;1;0;11950
12/12/2019;30,4;68;6;1;0;11950
13/12/2019;30,9;66;3,3;1;0;11950
14/12/2019;30,6;68;4,3;1;0;11950
15/12/2019;29,5;70;5,4;1;0;11950
16/12/2019;29,5;74;3,2;1;0;11950
17/12/2019;29,3;74;2;1;0,4;11950
18/12/2019;30,4;72;3,5;1;1,4;11950
19/12/2019;31,7;68;7,2;1;0;11950
20/12/2019;30,6;70;9,2;1;0;11950
21/12/2019;31,2;71;9,7;1;4,8;11950
22/12/2019;29,6;76;9;1;3,9;11950
23/12/2019;29,5;74;3,5;1;0;11950
24/12/2019;29,7;76;4,5;1;17;11950
25/12/2019;29;79;6,5;1;0;11950
26/12/2019;28,7;80;5,2;1;14,5;11950
27/12/2019;28,9;81;3,8;1;0;11950
28/12/2019;28,9;79;1,4;2;13;11950
29/12/2019;29,9;76;8,5;1;0;11950
30/12/2019;29,4;76;4,2;1;0;11950
31/12/2019;29,3;78;4,7;1;1,5;12050
01/01/2020;28,8;79;3,7;0;0,88;12050
02/01/2020;28,9;77;0,8;1;1,2;12050
03/01/2020;28,7;81;2,8;1;0;12050
04/01/2020;28,3;81;3,6;1;5,4;12050
05/01/2020;28,5;81;0;2;1,4;12050
06/01/2020;28,2;80;4,2;1;16,2;12050
07/01/2020;28,7;82;8,4;1;32,13;12050
08/01/2020;28,4;82;6;1;1,5;11950
09/01/2020;28,2;81;1,2;1;10;11950
10/01/2020;28,2;84;4,8;1;37;11950
11/01/2020;28,4;78;3,3;1;3,2;11950
12/01/2020;29,7;73;2,8;1;4;11950
13/01/2020;29,1;77;3;2;0,96;11950
14/01/2020;29,8;76;5,3;1;0;12000
15/01/2020;29;79;7,1;1;0;12000
16/01/2020;29,4;78;4;1;2,5;12000
17/01/2020;29,6;75;5,9;1;14,18;12000
18/01/2020;30,2;72;8;1;0,8;12000
19/01/2020;29,9;77;7,6;1;26,7;12000
20/01/2020;29,2;80;5,4;1;0;12000
21/01/2020;28,9;81;4,1;1;6,2;12000
22/01/2020;31;71;4,7;1;0;12000
23/01/2020;29,5;80;8,5;1;0;12000
24/01/2020;29,8;76;1,5;1;1,5;12000
25/01/2020;29,6;77;3,8;1;6,4;12000
26/01/2020;29,8;73;5,8;1;0;12000
27/01/2020;29,7;78;9,5;1;0;12000
28/01/2020;30,6;75;2;1;1;12000
29/01/2020;30,1;75;6,5;1;14,14;12000
30/01/2020;29,3;77;6,9;1;9,3;12000
31/01/2020;29;78;4,4;1;10,04;12000
01/02/2020;29;81;4,5;0;28;12000
02/02/2020;28,2;82;4,5;1;32,13;12000
03/02/2020;28,5;80;6,3;1;0;12000
04/02/2020;29,1;79;7,6;1;0;12000
05/02/2020;29,7;78;8;1;9,6;12000
06/02/2020;29,5;76;8;1;0,8;12000
07/02/2020;28,6;82;8,3;1;2,5;12000
08/02/2020;28;84;3;1;33,2;12000
09/02/2020;29,4;80;2,7;1;2,5;12000
10/02/2020;29;76;0,8;1;9,72;12000
11/02/2020;28,5;83;7,6;1;21,7;12000
12/02/2020;28,9;74,61;6,12;1,68;6,14;12000
13/02/2020;29,5;78;3,5;1;0,4;12000
14/02/2020;29,4;77;5;1;0;12000
15/02/2020;29;78;2,4;1;0,2;12000
16/02/2020;28,8;79;5,1;1;17,1;12000
17/02/2020;27,7;85;8,3;1;22,5;12000
18/02/2020;27,4;82;4,8;1;16,1;12000
19/02/2020;28,4;83;3,1;1;0;12000
20/02/2020;27,5;84;4,6;1;2,5;12000
21/02/2020;28,4;82;2,5;1;0;12000
22/02/2020;28,3;85;6;1;31,3;12000
23/02/2020;28,8;83;7;1;33;12000
24/02/2020;29,2;81;7,5;1;20;12000
25/02/2020;28,7;81;6,4;1;0;12000
26/02/2020;28,6;84;7,2;1;33,5;12050
27/02/2020;28,9;82;2,2;1;32,4;12050
28/02/2020;28,2;85;4;1;31,1;12050
29/02/2020;28,9;83;7,4;1;32,13;12050
01/03/2020;28,1;85;7,5;1;0;12050
02/03/2020;29,4;80;2;1;1,5;12050
03/03/2020;28,8;82;6,7;1;7,5;12050
04/03/2020;27,3;89;7;1;4,5;12050
05/03/2020;28,1;84;4;1;42,9;12050
06/03/2020;28,3;81;1;1;1,6;12050
07/03/2020;28,2;82;6,2;1;10,1;12050
08/03/2020;27,8;86;5,5;1;32,13;12050
09/03/2020;28,3;84;4,8;1;31;12050
10/03/2020;28,9;78;6,8;2;44,2;12050
11/03/2020;30,1;79;6,7;2;0;12050
12/03/2020;30,4;77;6,2;1;0;12050
13/03/2020;29,4;79;8,4;1;23,04;12050
14/03/2020;28,9;81;5,7;0;40,5;12050
15/03/2020;29,3;83;4,6;1;8,5;12050
16/03/2020;29,5;76;2,5;1;25,8;12050
17/03/2020;29,7;76;7;2;28,3;12050
18/03/2020;27,6;84;7,6;1;24;12050
19/03/2020;28,6;80;4,4;1;2;12050
20/03/2020;28,8;80;7,3;1;4,42;12050
21/03/2020;29,1;80;5,2;1;11,44;12050
22/03/2020;29,5;78;8,1;1;0;12050
23/03/2020;28,7;78;5,3;1;1,7;12050
24/03/2020;28,7;82;6,3;1;46,7;12050
25/03/2020;29,5;78;6,7;1;0;12050
26/03/2020;29,8;74;7,3;1;2,5;12050
27/03/2020;30;74;8,7;1;0;12050
28/03/2020;30;78;4,8;1;0;12050
29/03/2020;28,9;82;4,3;1;29,74;12050
30/03/2020;29,6;78;1;1;1,8;12050
31/03/2020;30,5;72;6,5;1;0;12050
01/04/2020;29,5;76;5,4;1;0;12050
02/04/2020;29,6;78;3,2;1;0;12050
03/04/2020;29,2;79;0,8;1;3,9;12050
04/04/2020;29,6;81;4,6;1;3,5;12050
05/04/2020;28,6;83;7,7;1;32,13;12050
06/04/2020;28;85;4,3;0;18,94;12050
07/04/2020;28,5;79;2,5;1;8,9;12050
08/04/2020;28,2;83;6,3;0;13,7;12050
09/04/2020;29,1;77;5,4;2;0,5;12050
10/04/2020;29,2;79;8,4;1;33,3;12050
11/04/2020;28,9;82;7,3;1;14,1;12050
12/04/2020;29,4;78;7,7;1;43,2;12050
13/04/2020;29,2;79;7,6;1;27;12050
14/04/2020;29;80;8,8;1;32,13;12050
15/04/2020;30,1;76;8,8;1;0,94;12100
16/04/2020;30,1;76;8,6;1;0;12100
17/04/2020;28,2;85;6,2;1;22,7;12100
18/04/2020;28,7;84;0,5;1;5,5;12100
19/04/2020;28,5;84;3,5;0;1;12100
20/04/2020;30,3;77;2,9;1;7,5;12100
21/04/2020;29,8;79;9,6;2;23;12100
22/04/2020;30,5;77;8,7;3;0;12100
23/04/2020;30,9;74;9,2;3;4,84;12100
24/04/2020;30,3;70;9;2;0;12100
25/04/2020;30,3;74;8,6;1;0;12100
26/04/2020;29,5;78;6,4;1;7;12100
27/04/2020;30;76;4,8;2;0;12100
28/04/2020;29,9;74;9;1;0;12100
29/04/2020;29,1;74;2,7;2;0;12100
30/04/2020;29,5;76;5,8;1;5;12100
01/05/2020;29,9;74;4;2;8,62;12100
02/05/2020;29,9;68;7,7;2;0;12100
03/05/2020;29,5;76;9,3;1;0,8;12100
04/05/2020;29,8;74;5;2;1;12100
05/05/2020;30,6;76;8,6;1;0;12100
06/05/2020;30,5;74;5;2;0;12100
07/05/2020;29,9;76;9,1;2;0;12100
08/05/2020;30,6;74;9,5;2;3,04;12100
09/05/2020;29;80;8,8;2;0,8;12100
10/05/2020;29,4;79;4,7;1;12,3;12100
11/05/2020;29,1;79;6,7;2;0,5;12100
12/05/2020;29,8;74;3,7;2;7,32;12100
13/05/2020;30,4;68;7,8;2;0;12000
14/05/2020;29,8;72;9,6;2;0;12000
15/05/2020;29,6;72;7,1;2;0;12000
16/05/2020;30,1;73;7,9;2;0;12000
17/05/2020;30,4;72;9,5;2;0,52;12000
18/05/2020;29,2;78;8,4;1;0;12000
19/05/2020;29,5;77;1,5;1;0,1;12000
20/05/2020;29,2;78;7;1;6,02;12000
21/05/2020;27,7;88;6,4;0;6,7;12000
22/05/2020;29,2;82;0,5;1;13,3;12000
23/05/2020;30,1;79;7,6;1;13,3;12000
24/05/2020;29,8;76;9,8;1;0,94;12000
25/05/2020;30,2;74;9,6;1;0;12000
26/05/2020;29;82;8,6;1;11;12000
27/05/2020;28,6;82;3,8;1;19,3;12050
28/05/2020;26,7;89;1,2;1;25,36;12050
29/05/2020;27,9;80;2;1;17,1;12050
30/05/2020;29,2;79;5,7;1;0;12050
31/05/2020;29;82;7,7;1;0;12050
01/06/2020;28,2;85;0,6;0;1,5;12050
02/06/2020;28,6;76;0,3;1;13,6;12050
03/06/2020;29;76;2,6;3;0;12000
04/06/2020;28,6;75;6,9;3;0;12000
05/06/2020;30,3;68;10;1;0;12000
06/06/2020;28,7;76;9,8;1;0;12000
07/06/2020;28,7;75;5,8;1;0;12000
08/06/2020;28,6;74;3,3;2;0;12000
09/06/2020;28,9;74;8,8;2;0;12000
10/06/2020;28,9;71;8,2;2;0;12000
11/06/2020;28,8;71;9,5;1;0;12000
12/06/2020;28,6;69;9,6;2;0;12000
13/06/2020;28,6;70;9,5;2;0;12000
14/06/2020;28,5;79;8,9;2;21;12000
15/06/2020;29,6;81;1,5;2;4,6;12000
16/06/2020;29,2;77;4,6;2;2,5;12000
17/06/2020;28,7;74;9,3;1;0;12000
18/06/2020;29,4;72;9,2;2;0,24;12000
19/06/2020;29,2;76;9,4;2;0;12000
20/06/2020;28,2;72;8,8;2;0;12000
21/06/2020;28,8;72;4;2;0,4;12000
22/06/2020;29,2;73;3,7;3;0;12000
23/06/2020;28,5;72;9,2;2;0;12000
24/06/2020;28,7;75;9,2;2;0;12000
25/06/2020;28;72;9;2;0;12000
26/06/2020;27,9;70;8;1;0;12000
27/06/2020;28,2;67;9,2;1;0;12000
28/06/2020;28;70;9,7;1;0;12000
29/06/2020;28,6;74;9,6;2;0;12000
30/06/2020;28,5;70;8,2;2;0;12000
01/07/2020;28,7;71;9,1;2;0;12000
02/07/2020;29;71;9,5;2;0;12000
03/07/2020;28,3;71;9,3;2;0;12000
04/07/2020;27,9;70;9,8;2;0;12000
05/07/2020;27,8;73;9,8;2;0;12000
06/07/2020;27,2;81;5,8;2;0,2;12000
07/07/2020;28;75;2,5;2;0,6;12000
08/07/2020;28,4;74;8,5;1;0;12000
09/07/2020;28,2;73;8,6;1;0;12000
10/07/2020;28,6;69;9,8;2;0;12000
11/07/2020;28,5;68;9,2;2;0;12000
12/07/2020;29;72;9,2;1;0;12000
13/07/2020;29;74;7,8;2;0;12000
14/07/2020;28,7;73;9,4;3;0;12000
15/07/2020;27,1;84;6;2;10,04;11950
16/07/2020;28,7;76;2,5;2;13,9;11950
17/07/2020;29;74;8;3;0;11950
18/07/2020;28,8;66;10;1;0;11950
19/07/2020;29;69;9,9;1;0;11950
20/07/2020;29,3;69;9;3;0,46;11950
21/07/2020;29,3;75;7,2;3;0;11950
22/07/2020;29,3;71;9,1;2;0;11950
23/07/2020;28,7;70;10;2;0;11950
24/07/2020;27,8;71;9,7;1;0;11950
25/07/2020;26,9;66;9,2;2;0;11950
26/07/2020;26,9;66;9,1;2;0;11950
27/07/2020;26,9;70;9,8;2;0;11950
28/07/2020;28;68;10;2;0;11950
29/07/2020;27,4;68;9,8;2;0;11950
30/07/2020;26,6;63;8,6;2;0;11950
31/07/2020;27,5;70;9,8;1;0;11950
01/08/2020;27,9;70;9,7;2;0;11950
02/08/2020;27,6;70;9,6;2;0;11950
03/08/2020;27,3;72;9,5;2;0;11950
04/08/2020;28,4;70;8,5;1;0;11950
05/08/2020;28,5;72;3;2;12;11950
06/08/2020;28,2;72;8,1;2;1,6;11950
07/08/2020;28,1;68;8,5;2;0;11950
08/08/2020;28,2;72;6;2;0;11950
09/08/2020;29,2;72;9,4;2;0;11950
10/08/2020;28,8;77;9,5;2;2;11950
11/08/2020;28,8;76;8,2;2;0;11950
12/08/2020;28,3;78;3,8;2;19,4;11950
13/08/2020;29;75;8,5;2;0,3;11950
14/08/2020;28,5;76;8,5;1;0,1;11950
15/08/2020;29,4;75;5,5;2;0;11950
16/08/2020;29,4;71;8,4;2;0;11950
17/08/2020;28,6;69;9,7;2;0;11950
18/08/2020;28,8;68;9,8;2;0;11950
19/08/2020;29;66;9,4;2;0;11950
20/08/2020;28,9;68;9,5;3;0;11950
21/08/2020;29,2;72;8,3;4;0;11950
22/08/2020;29,6;62;10;3;0;11950
23/08/2020;28,7;71;9,7;3;0;11950
24/08/2020;28,5;68;9,8;3;0;11950
25/08/2020;28,6;67;9,5;2;0;11950
26/08/2020;28,2;70;9,6;2;0;11900
27/08/2020;27,6;66;9,2;2;0;11850
28/08/2020;28,3;73;9,7;2;0;11850
29/08/2020;29,3;68;4,8;2;0;11850
30/08/2020;28,9;62;9;3;0;11850
31/08/2020;28,5;64;9,4;2;0;11850
01/09/2020;29,8;66;9,4;2;0;11850
02/09/2020;29,8;67;9;2;0;11850
03/09/2020;30,5;68;4,5;3;0;11850
04/09/2020;30,5;66;8,7;3;0;11850
05/09/2020;30,1;64;9;2;0;11850
06/09/2020;30;65;8,8;2;0;11850
07/09/2020;30;64;8,8;2;0;11850
08/09/2020;30,3;63;8,9;3;0;11850
09/09/2020;29,9;66;8,9;2;0;11850
10/09/2020;29,8;64;6,8;2;0;11850
11/09/2020;30,1;62;7,8;2;0;11850
12/09/2020;30,1;62;8,8;2;0;11850
13/09/2020;30,2;62;8,8;2;0;11850
14/09/2020;29,7;61;8,4;2;0;11850
15/09/2020;29,8;61;8,7;2;0;11850
16/09/2020;29,5;61;8,7;2;0;11850
17/09/2020;30;64;8,7;2;0;11850
18/09/2020;29,9;71;8,7;4;0;11850
19/09/2020;30,5;66;6,5;4;0;11850
20/09/2020;29,8;71;7,4;2;0;11850
21/09/2020;30,5;67;5,5;2;0,54;11850
22/09/2020;30,4;69;8,8;2;0;11850
23/09/2020;31,1;65;7,5;2;0;11850
24/09/2020;30,9;64;8,8;2;0;11850
25/09/2020;31,1;61;9;2;0;11850
26/09/2020;30,5;66;8,8;2;0;11850
27/09/2020;31,2;60;5,7;2;0;11850
28/09/2020;31;61;9;2;0;11850
29/09/2020;30,7;61;9;2;0;11850
30/09/2020;30,7;63;9,1;3;0;11850
01/10/2020;31,7;64;6,3;3;0;11850
02/10/2020;30,7;66;9,2;2;0;11850
03/10/2020;31,4;61;9,2;2;0;11850
04/10/2020;30,7;66;8,9;2;0;11850
05/10/2020;30,8;62;9;2;0;11850
06/10/2020;31,2;61;7,4;2;0;11850
07/10/2020;29,7;64;9;2;0;11850
08/10/2020;30,2;65;8,8;2;0;11850
09/10/2020;29,7;68;7,5;2;0;11850
10/10/2020;28,7;77;3;2;0;11850
11/10/2020;30,5;70;3;3;13,4;11850
12/10/2020;31;68;9;3;0;11850
13/10/2020;30,2;67;8,3;3;0;11850
14/10/2020;30,9;65;9,2;2;0;11850
15/10/2020;31,5;61;8,9;1;0;11850
16/10/2020;31;65;9,3;3;0;11850
17/10/2020;30,1;66;8,1;2;0;11850
18/10/2020;29,3;69;2,8;1;0;11850
19/10/2020;27,8;78;1;1;21,62;11850
20/10/2020;28,6;79;0,5;2;5;11850
21/10/2020;30,4;72;5,2;1;0;11850
22/10/2020;29,2;73;4,4;1;0;11850
23/10/2020;30,5;72;8,8;1;2;11850
24/10/2020;30,6;71;7;1;1,6;11850
25/10/2020;30,7;71;9,7;2;11,6;11850
26/10/2020;29,6;76;7,7;1;21,4;11850
27/10/2020;29,2;75;7,6;1;1;11850
28/10/2020;30,2;70;4,4;2;2,2;11850
29/10/2020;30,3;68;8,7;2;0;11850
30/10/2020;27,68;84;6,4;1;0;11850
31/10/2020;27;82;3;1;10;11850
01/11/2020;27,8;82;1,8;1;34,8;11850
02/11/2020;28,3;81;4,7;1;2,5;11850
03/11/2020;28,7;78;0;1;6,3;11850
04/11/2020;29;79;4;1;3,74;11850
05/11/2020;30;75;3,4;2;0;11850
06/11/2020;30,4;70;5,1;2;0;11850
07/11/2020;30,7;68;8;2;0;11850
08/11/2020;30,5;69;9,5;1;0;11850
09/11/2020;30,6;66;7,5;2;0;11850
10/11/2020;31,4;65;9,6;2;0;11850
11/11/2020;30,5;69;9,7;4;0;11850
12/11/2020;31,1;72;4,2;2;0,28;11850
13/11/2020;31,7;73;7,5;1;0;11850
14/11/2020;31;69;7,2;2;0;11850
15/11/2020;29,2;81;8,7;2;11;11850
16/11/2020;30,8;70;8,4;2;6,8;11850
17/11/2020;31,6;66;9,6;2;0;11850
18/11/2020;32;64;9,3;2;0;11850
19/11/2020;31,5;71;9,7;2;0;11850
20/11/2020;30,6;70;7,9;1;1,54;11850
21/11/2020;30,6;74;1,7;1;3,6;11850
22/11/2020;29,2;78;7,9;0;0;11850
23/11/2020;28,5;81;4;1;17,5;11850
24/11/2020;27,7;83;3;1;4,3;11850
25/11/2020;29,4;76;2,9;1;0,5;11850
26/11/2020;28,6;81;5,6;1;0;11850
27/11/2020;29,1;78;1,1;0;0,3;11850
28/11/2020;28,4;81;0;1;3,4;11850
29/11/2020;27,7;84;0,2;1;1;11850
30/11/2020;27,2;85;2;0;15,3;11850
01/12/2020;29,1;76;0;1;0;11850
02/12/2020;28,5;82;6,1;1;5,2;11850
03/12/2020;28,6;82;1,3;2;1,32;11850
04/12/2020;29,4;76;4,4;1;0;11850
05/12/2020;28;83;3,2;1;32,13;11850
06/12/2020;27,5;88;4,1;0;47;11850
07/12/2020;26,3;89;2,2;1;26,3;11850
08/12/2020;27,9;83;0,8;1;6;11850
09/12/2020;26,6;91;1,8;0;10,5;11850
10/12/2020;27;88;0;1;21;11850
11/12/2020;27,1;88;3;1;16,9;11850
12/12/2020;26,9;88;0,5;0;8,9;11850
13/12/2020;27,5;84;0;1;45,7;11850
14/12/2020;27,1;86;1,2;0;11,9;11850
15/12/2020;27,5;84;0,1;0;6,4;11850
16/12/2020;27,3;85;0;0;10,62;11850
17/12/2020;27,8;82;2,6;1;7,4;11850
18/12/2020;27,9;80;2,8;0;20,1;11850
19/12/2020;28,5;75;5,4;1;5,9;11850
20/12/2020;29,1;73;4;1;1,5;11850
21/12/2020;29,1;71;5,9;1;0;11850
22/12/2020;29,5;72;0;1;5;11850
23/12/2020;30;72;6,3;1;20,4;11850
24/12/2020;28,8;77;8;1;0;11850
25/12/2020;28,4;80;5,6;1;0;11850
26/12/2020;28,9;80;3;1;8,12;11850
27/12/2020;29,7;75;2,7;1;0;11850
28/12/2020;28,5;82;4,8;1;44,5;11850
29/12/2020;28,3;84;3,8;1;32,13;11850
30/12/2020;26,5;89;2,3;1;25,3;11850
31/12/2020;27,7;83;0;1;35,2;11850
01/01/2021;28,6;80;2,5;1;33;11850
02/01/2021;27,7;84;1,2;0;0;11850
03/01/2021;27,7;84;2;0;12,9;11850
04/01/2021;28,1;80;3,5;1;17,9;11850
05/01/2021;27,3;87;2,5;1;2,8;11850
06/01/2021;28,3;82;2,2;1;5,2;11800
07/01/2021;26,8;87;5,4;1;3;11800
08/01/2021;28,1;81;2,2;2;32,13;11800
09/01/2021;28,7;79;3;1;3,76;11800
10/01/2021;27,4;88;5,1;1;6,5;11800
11/01/2021;28;84;1;0;5;11800
12/01/2021;28,2;84;1,7;1;1,6;11800
13/01/2021;27,5;87;0,8;1;8,34;11800
14/01/2021;28,5;78;2,3;1;23,6;11800
15/01/2021;28,1;78;3,7;1;8,4;11800
16/01/2021;28;79;0;0;0;11800
17/01/2021;28,2;78;0;2;0;11800
18/01/2021;26,9;85;1,2;1;0;11800
19/01/2021;26,8;84;4;0;3,5;11800
20/01/2021;27,3;84;0;1;0,1;11850
21/01/2021;28,2;82;3;2;6,7;11850
22/01/2021;27,3;86;3,9;1;11,8;11850
23/01/2021;27,9;83;5,5;1;35,5;11850
24/01/2021;27,2;86;1,1;1;30,5;11850
25/01/2021;26,4;85;3,5;1;22,5;11850
26/01/2021;27,5;81;1;1;0;11850
27/01/2021;27,5;80;5;0;32,13;11850
28/01/2021;27,5;80;4,7;2;1,5;11850
29/01/2021;27,7;81;2,3;1;17,1;11850
30/01/2021;26,6;86;2,9;1;10,1;11850
31/01/2021;27,4;85;0;1;10,66;11850
01/02/2021;27,7;83;4,8;2;22,6;11850
02/02/2021;28,7;79;4,7;1;6,4;11750
03/02/2021;27,8;83;6,2;1;1;11750
04/02/2021;27,1;85;2,8;1;13,8;11750
05/02/2021;26,5;88;3;1;35;11750
06/02/2021;27,4;86;3,2;2;13,5;11750
07/02/2021;27,9;82;2,2;1;12;11750
08/02/2021;26,9;88;6,5;1;21,22;11750
09/02/2021;27,9;83;2;1;44,7;11750
10/02/2021;27,2;88;3,2;1;6,1;11750
11/02/2021;28,6;81;3,1;1;42,6;11750
12/02/2021;28,3;83;6,3;0;10,74;11750
13/02/2021;28,3;81;6,3;2;20,5;11750
14/02/2021;28;82;7,4;1;11,1;11750
15/02/2021;27,9;83;5,8;2;44,9;11750
16/02/2021;29;78;6,3;1;21,16;11750
17/02/2021;28;80;8,4;2;32,13;11800
18/02/2021;28;77;6,9;2;0,8;11800
19/02/2021;28,3;78;9;2;0;11800
20/02/2021;27;84;5,2;0;0;11800
21/02/2021;27,6;84;0,3;1;24,8;11800
22/02/2021;27,7;84;8;2;6,5;11800
23/02/2021;28,1;80;1,5;2;0;11800
24/02/2021;27,5;86;2;2;38,8;11800
25/02/2021;26,4;92;1;1;24,7;11800
26/02/2021;27,9;85;0,2;1;16,4;11800
27/02/2021;27,3;86;7,7;1;28,2;11800
28/02/2021;26,8;85;4,5;1;32,13;11800
01/03/2021;27,7;84;2;1;10,5;11800
02/03/2021;27,4;87;5,6;1;32,13;11800
03/03/2021;27,4;85;3,7;1;32,3;11750
04/03/2021;27,3;86;4,7;1;20,28;11850
05/03/2021;27,8;81;3,8;1;24;11850
06/03/2021;27,2;87;5,3;1;36,1;11850
07/03/2021;27,5;84;0,4;1;31,5;11850
08/03/2021;27,6;83;4,7;1;3,3;11850
09/03/2021;27,8;79;4,7;0;18,86;11850
10/03/2021;28,2;76;2,3;1;0;11700
11/03/2021;27,7;79;3,2;1;0;11700
12/03/2021;26,8;82;3;1;0,6;11700
13/03/2021;26,9;85;6;1;27;11700
14/03/2021;28,1;81;6,7;1;17,5;11700
15/03/2021;28,1;80;4,3;2;0;11700
16/03/2021;27,8;83;7,5;1;5,4;11700
17/03/2021;27,9;83;1;1;2,5;11850
18/03/2021;29,3;78;3,3;1;0;11850
19/03/2021;28,7;78;6,4;1;32,13;11850
20/03/2021;29,1;77;8,7;1;13;11850
21/03/2021;29,2;80;8,3;1;0;11850
22/03/2021;29;76;7,5;1;28;11850
23/03/2021;28,9;78;6,9;1;3;11850
24/03/2021;28,5;82;5,6;1;32,13;11850
25/03/2021;29,2;80;5,5;1;11,24;11850
26/03/2021;28,2;83;5;1;0,3;11850
27/03/2021;28,7;84;1,6;1;0;11850
28/03/2021;28,9;79;4,8;1;0;11850
29/03/2021;29,1;80;7,2;1;4,42;11850
30/03/2021;27,9;86;2;0;0;11850
31/03/2021;28,7;80;0,5;2;4;11850
01/04/2021;28,9;83;8,6;1;7,4;11850
02/04/2021;29,2;77;6,3;1;5,84;11850
03/04/2021;30,2;74;4,7;0;0;11850
04/04/2021;29,1;78;8,2;1;0;11850
05/04/2021;29;78;6,4;1;22,2;11850
06/04/2021;27,3;85;7,3;1;23,4;11850
07/04/2021;27,5;87;1,4;0;5;11850
08/04/2021;28,5;83;2,1;1;33;11850
09/04/2021;29,2;80;4,3;2;5,6;11850
10/04/2021;29;81;7,2;1;10,18;11850
11/04/2021;28,8;75;1,8;1;1;11850
12/04/2021;29,4;78;7,5;1;8,64;11850
13/04/2021;29,3;78;6,7;1;5,58;11850
14/04/2021;28,3;82;3,3;1;0;11850
15/04/2021;28,7;77;5,5;1;0;11850
16/04/2021;29,8;74;8,9;2;0;11850
17/04/2021;29,6;70;9,5;1;0;11850
18/04/2021;29,2;74;9;2;0;11850
19/04/2021;29;77;8,7;1;0;11850
20/04/2021;29,2;70;8,4;2;0;11850
21/04/2021;28,9;66;7,7;2;0;11850
22/04/2021;29,2;68;9,5;1;0;11850
23/04/2021;29;72;9,7;1;0;11850
24/04/2021;29,3;73;9,1;2;0;11850
25/04/2021;28,8;77;8,5;1;8,3;11850
26/04/2021;30,3;73;4,8;2;0;11850
27/04/2021;30,7;72;9,5;2;0;11850
28/04/2021;29,1;74;9,4;1;0;11850
29/04/2021;29,6;76;4,8;2;2,34;11850
30/04/2021;30,2;73;7,9;1;0;11850
01/05/2021;30,2;76;8,1;2;0;11850
02/05/2021;29,1;81;6,9;3;10,1;11850
03/05/2021;29,9;78;5;3;13,6;11850
04/05/2021;30;77;3,6;2;0;11850
05/05/2021;30,8;72;8,6;2;0;11850
06/05/2021;29,7;73;9;1;0;11850
07/05/2021;29,2;81;7,2;2;0;11850
08/05/2021;28,8;84;5;1;31,5;11850
09/05/2021;28,7;71;4,5;1;0;11850
10/05/2021;29,3;72;8,5;2;0;11850
11/05/2021;29,7;76;9,5;3;0;11850
12/05/2021;30,2;72;8,6;2;0;11850
13/05/2021;29,5;72;9,4;2;0;11850
14/05/2021;30;70;8,2;3;0;11850
15/05/2021;30;73;9,5;2;0;11850
16/05/2021;29,6;72;9;2;1,2;11850
17/05/2021;29,2;75;9,6;2;0;11850
18/05/2021;29,7;72;8,2;2;0;11850
19/05/2021;28,1;83;8,9;1;10;11850
20/05/2021;28,9;78;2,5;1;0;11850
21/05/2021;29,6;70;5,1;2;0;11850
22/05/2021;29,2;74;9,4;1;0;11850
23/05/2021;29,4;77;8,3;1;0;11850
24/05/2021;30,3;72;5,2;2;0;11850
25/05/2021;30,3;74;8,2;1;0;11850
26/05/2021;30,4;74;7,5;3;0;11850
27/05/2021;30,2;76;6,7;3;0;11850
28/05/2021;29;82;8,3;2;18,2;11850
29/05/2021;30,6;75;4,5;1;5,4;11850
30/05/2021;28,9;81;9,2;1;0;11850
31/05/2021;29,3;78;2,7;1;3,5;11850
01/06/2021;29,5;78;7;1;0;11850
02/06/2021;29,8;78;7;2;5,4;11850
03/06/2021;30;78;7,8;2;0;11850
04/06/2021;29,4;83;9,5;2;2;11850
05/06/2021;29,5;81;8,8;2;0;11850
06/06/2021;31,1;71;10;2;0;11850
07/06/2021;29,3;76;9,1;1;0;11850
08/06/2021;29,4;75;6,5;2;0;11850
09/06/2021;31;71;9,4;1;3;11850
10/06/2021;30,2;77;10;1;0;11850
11/06/2021;29,6;80;8,5;2;0;11850
12/06/2021;29,5;79;7,6;2;0;11850
13/06/2021;29,2;76;7,8;2;0;11850
14/06/2021;28,4;82;8,7;1;0;11850
15/06/2021;27,7;88;1,3;1;2,5;11850
16/06/2021;28,6;82;3,3;2;6,5;11850
17/06/2021;28,1;82;4,2;0;5,5;11850
18/06/2021;28,9;78;2,8;1;0;11850
19/06/2021;29,1;74;5,8;1;0;11850
20/06/2021;27,1;82;2;1;0;11850
21/06/2021;27,8;80;7,5;1;0;11850
22/06/2021;29;76;5;1;0,6;11850
23/06/2021;29,5;80;8;1;0;11850
24/06/2021;27,5;87;7,3;1;0;11850
25/06/2021;27,9;86;5,8;2;35,7;11850
26/06/2021;29,5;79;5,3;1;0;11850
27/06/2021;29,6;74;7,2;2;0;11850
28/06/2021;27,6;86;9;2;21,56;11850
29/06/2021;29,1;78;0,8;1;3;11850
30/06/2021;29,1;79;6,8;1;0;11850
01/07/2021;28,7;78;6;1;0;11850
02/07/2021;28,8;72;9,3;1;0;11850
03/07/2021;28,2;74;6;1;0;11850
04/07/2021;28,3;72;3;1;0;11850
05/07/2021;28,7;68;8,6;3;0;11850
06/07/2021;27,2;67;9,3;2;0;11850
07/07/2021;27,7;66;9;2;0;11850
08/07/2021;29,1;70;9,1;1;0;11850
09/07/2021;28,8;78;4,7;2;0;11850
10/07/2021;29,3;77;3;4;1,5;11850
11/07/2021;29,4;74;4;3;0;11850
12/07/2021;28,9;72;9,5;2;0;11850
13/07/2021;29;68;6,4;2;0;11850
14/07/2021;28,6;69;9,8;1;0;11850
15/07/2021;28,8;66;8,5;3;0;11850
16/07/2021;27,3;70;8,6;1;0;11850
17/07/2021;28,1;69;4,9;1;0;11850
18/07/2021;29;70;5,9;2;0;11850
19/07/2021;29,2;72;7,5;2;0;11850
20/07/2021;29,3;70;9;2;0;11850
21/07/2021;29,2;72;9,8;2;0;11850
22/07/2021;29,2;70;9,2;2;0;11850
23/07/2021;29,4;70;4,4;1;0;11850
24/07/2021;28,6;70;9,4;2;0;11850
25/07/2021;27,6;73;9,6;2;0;11850
26/07/2021;27,6;65;9,8;2;0;11850
27/07/2021;27,2;70;9,8;2;0;11850
28/07/2021;27,9;69;9,4;2;0;11850
29/07/2021;28,7;70;9,4;1;0;11850
30/07/2021;29,2;72;9,5;2;0;11850
31/07/2021;29,4;71;7,6;1;0;11850
01/08/2021;28,7;73;9,3;1;0;11850
02/08/2021;29,1;73;9;1;0;11850
03/08/2021;29,2;72;9;2;0;11850
04/08/2021;29,1;72;6,9;2;0;11850
05/08/2021;29,1;73;9;3;0;11850
06/08/2021;29,7;71;9,3;3;0;11850
07/08/2021;29,7;72;8,7;2;0;11850
08/08/2021;30;74;7,4;3;0;11850
09/08/2021;30;72;8,2;3;0;11850
10/08/2021;29,7;70;8,6;2;0;11850
11/08/2021;28,3;68;9,2;2;0;11850
12/08/2021;28,8;70;9,5;3;0;11850
13/08/2021;29,6;70;7,5;1;0;11850
14/08/2021;29,3;70;8,7;3;0;11850
15/08/2021;30,1;68;9,6;4;0;11850
16/08/2021;29,3;70;9,2;3;2,3;11850
17/08/2021;29,5;66;9,5;1;0;11850
18/08/2021;29,4;70;9,3;1;0;11850
19/08/2021;28,5;74;5,6;1;0;11850
20/08/2021;29;70;6,8;2;0,3;11850
21/08/2021;29,6;69;7,5;2;0;11850
22/08/2021;29,4;69;9;2;0;11850
23/08/2021;28,3;68;8,6;2;0;11850
24/08/2021;28,5;68;8,5;2;0;11850
25/08/2021;29,5;64;9;1;0;11850
26/08/2021;28,2;67;9,2;2;0;11850
27/08/2021;28,7;67;9,7;1;0;11850
28/08/2021;29,6;66;9,3;2;0;11850
29/08/2021;29,4;68;8,7;2;0;11850
30/08/2021;29,6;70;8,9;2;0;11850
31/08/2021;29,1;72;5;2;0;11850
01/09/2021;29,5;65;9,2;2;0;11850
02/09/2021;29,4;65;9,1;2;0;11850
03/09/2021;29,2;67;8,8;1;0;11850
04/09/2021;29;67;8,6;2;0;11850
05/09/2021;29,1;69;7,7;2;0;11850
06/09/2021;29,6;68;5,1;2;0;11850
07/09/2021;29,8;70;8,2;2;0;11850
08/09/2021;29,3;68;8,6;3;0;11850
09/09/2021;29;65;8,5;3;0;11850
10/09/2021;30,3;63;8,8;2;0;11850
11/09/2021;29;73;6,7;3;0;11850
12/09/2021;28,7;77;0,7;2;0;11850
13/09/2021;29;78;2,3;2;7,4;11850
14/09/2021;28,8;77;2,4;2;4;11850
15/09/2021;29,2;78;4,5;1;38,7;11850
16/09/2021;29,8;69;7,5;1;0;11850
17/09/2021;29;70;6,7;3;0;11850
18/09/2021;30;66;6,8;2;0;11850
19/09/2021;29,2;71;8,6;3;0;11850
20/09/2021;29;68;8,6;2;0;11850
21/09/2021;28,6;74;7,3;1;0,3;11850
22/09/2021;29,1;70;2,8;3;0;11850
23/09/2021;29,5;74;5,7;3;8,9;11850
24/09/2021;28,7;75;2,8;2;0;11850
25/09/2021;29,5;74;2,5;2;1;11850
26/09/2021;29,6;71;7,3;2;0;11850
27/09/2021;29,8;65;6,2;2;0;11850
28/09/2021;29;69;8,5;2;0;11850
29/09/2021;29,6;66;8,8;2;0;11850
30/09/2021;29,8;67;8,9;2;0;11850
01/10/2021;29,7;66;8,9;1;0;11850
02/10/2021;29,2;68;8,7;1;0;11850
03/10/2021;30,1;65;7,3;1;0;11850
04/10/2021;29,4;69;7,3;2;1,5;11850
05/10/2021;28,8;70;5,7;2;0;11850
06/10/2021;28,7;72;5;1;0;11850
07/10/2021;29,2;64;0,3;1;0;11850
08/10/2021;29,6;64;8,6;2;0;11850
09/10/2021;29,7;65;9;1;0;11850
10/10/2021;29,6;68;9;2;0;11850
11/10/2021;29,8;67;9;2;0;11850
12/10/2021;31,4;55;9;2;0;11850
13/10/2021;30,2;64;8,8;2;0;11850
14/10/2021;29,9;62;8,1;2;0;11850
15/10/2021;30,7;68;7,8;2;0;11850
16/10/2021;31,1;65;8,9;2;0;11850
17/10/2021;30,8;67;7,6;2;0;11850
18/10/2021;28,6;82;8,1;1;0;11850
19/10/2021;29,8;72;3,2;1;9,3;11850
20/10/2021;30,2;73;5,5;1;0;11850
21/10/2021;31,2;67;7,8;1;0;11850
22/10/2021;31,3;66;8;1;0;11850
23/10/2021;30,7;72;8,5;2;0;11850
24/10/2021;31,1;68;9,6;1;0;11850
25/10/2021;31;70;9,2;1;0;11850
26/10/2021;30,5;69;9;2;0;11850
27/10/2021;28,9;78;7;2;0;11850
28/10/2021;29,4;77;0;1;0;11850
29/10/2021;31;68;6;1;0;11850
30/10/2021;30,2;73;7,5;1;0;11850
31/10/2021;29,1;76;3,5;1;9,2;11850
01/11/2021;28,4;81;1,2;1;4,8;11850
02/11/2021;29,5;78;2,7;1;0;11850
03/11/2021;29,8;75;3,3;1;0;11850
04/11/2021;29,3;76;6,7;1;0;11850
05/11/2021;27,7;82;5,5;1;10;11850
06/11/2021;29,1;76;2;1;5,66;11850
07/11/2021;29,9;74;8,9;1;0;11850
08/11/2021;30;72;6;1;4,08;11850
09/11/2021;29;80;1,1;1;1,3;11850
10/11/2021;28,6;81;1,8;1;0;11850
11/11/2021;28,1;81;6;1;3,5;11850
12/11/2021;27,8;81;5,3;1;43;11850
13/11/2021;28,5;78;0;1;5,18;11850
14/11/2021;26,8;88;1,8;1;31,1;11850
15/11/2021;25,8;92;0,6;0;32,13;11850
16/11/2021;26,3;90;0,1;1;15,5;11850
17/11/2021;27,9;79;0,5;2;0,4;11850
18/11/2021;29,5;69;3,2;1;0;11850
19/11/2021;28,6;72;9,1;1;0;11850
20/11/2021;25,9;92;6,8;0;9,2;11850
21/11/2021;28;85;0;1;6,9;11850
22/11/2021;29,9;78;1,7;1;0;11850
23/11/2021;28,1;84;7;2;10,02;11850
24/11/2021;27,8;80;4,2;0;17,4;11850
25/11/2021;27;85;3,2;0;0;11850
26/11/2021;27,8;80;0,5;1;6,56;11850
27/11/2021;27,8;82;4,4;1;0;11850
28/11/2021;26,6;85;2;1;27,5;11850
29/11/2021;27,6;76;0,4;1;20,4;11850
30/11/2021;27,7;82;4,2;1;21,2;11850
01/12/2021;27,1;85;0,4;1;18,4;11850
02/12/2021;28,3;82;2,6;1;6,4;11850
03/12/2021;27,9;85;5;0;34;11850
04/12/2021;27,4;82;0;1;18,8;11850
05/12/2021;27,8;80;0,7;1;1,7;11850
06/12/2021;27,3;82;0;0;1;11850
07/12/2021;28,9;78;0;1;10,7;11850
08/12/2021;27,7;82;2,7;1;0,2;11850
09/12/2021;27,9;84;3;0;33,5;11850
10/12/2021;28,5;80;4,5;1;34,2;11850
11/12/2021;27,6;84;6,8;0;0;11850
12/12/2021;28,2;77;6,7;1;15,4;11850
13/12/2021;28,7;78;6,6;1;31,3;11850
14/12/2021;28,6;80;4,5;1;9,5;11850
15/12/2021;27,6;84;6;0;45;11850
16/12/2021;27,9;80;0,2;1;2,4;11850
17/12/2021;28,9;80;4,5;1;9,34;11850
18/12/2021;29,3;78;4,5;1;0;11850
19/12/2021;28,3;80;4;1;4,16;11850
20/12/2021;28,2;82;4,2;1;10,5;11850
21/12/2021;26,68;91;2;0;0,7;11850
22/12/2021;29;75;0,3;1;18,1;11850
23/12/2021;28,8;75;5,7;1;0;11850
24/12/2021;29,2;73;7,8;1;0;11850
25/12/2021;28,2;82;6,7;0;0,5;11850
26/12/2021;27,6;82;0,6;0;20,5;11850
27/12/2021;26,6;84;6,8;1;32;11850
28/12/2021;27,3;82;5,2;1;33,2;11850
29/12/2021;28,7;79;6,8;1;6,9;11900
30/12/2021;27,6;83;6,8;1;0;11900
31/12/2021;27,1;85;2,2;1;32,13;11900
01/01/2022;27,8;82;5;1;13,7;11900
02/01/2022;26,9;84;4,5;1;2,7;11900
03/01/2022;28;81;5,3;1;23;11900
04/01/2022;28,6;78;2,4;1;13,8;11900
05/01/2022;27,9;78;2,2;1;14,74;11900
06/01/2022;28,1;79;3,2;1;1,98;11900
07/01/2022;27,9;80;4,4;1;15,3;11900
08/01/2022;28,2;78;4,1;1;36,8;11900
09/01/2022;27,4;81;5,6;1;14,4;11900
10/01/2022;28,5;76;6,1;2;1;11900
11/01/2022;27,1;86;8,5;1;15,5;11900
12/01/2022;25,5;90;4;1;9;11900
13/01/2022;27,4;79;1;1;13,8;11900
14/01/2022;28,5;78;2,6;1;12,26;11900
15/01/2022;27,6;83;4,6;1;5,86;11900
16/01/2022;27,9;80;1,6;1;0;11900
17/01/2022;27,9;82;1;1;9,08;11900
18/01/2022;27,3;83;1,9;0;1;11900
19/01/2022;25,8;90;2,7;1;18,2;11900
20/01/2022;26,7;84;5,1;1;35,6;11900
21/01/2022;27,8;80;2,5;1;15,9;11900
22/01/2022;27,7;82;6;1;8,46;11900
23/01/2022;28,5;80;2,5;0;9,3;11900
24/01/2022;29,8;73;6,9;2;0;11900
25/01/2022;29,3;77;9;1;0;11900
26/01/2022;28,4;80;7,3;1;4,8;11900
27/01/2022;27,9;81;5,4;1;0;11900
28/01/2022;27,6;82;3,6;1;2,3;11900
29/01/2022;28,2;82;4,7;2;20,5;11900
30/01/2022;27,8;83;5;1;9,8;11900
31/01/2022;28,5;78;6,3;1;3,7;11900
01/02/2022;28,2;81;4,2;0;4,3;11900
02/02/2022;28,4;80;5;1;5,7;11950
03/02/2022;27,9;80;5,8;1;2,8;11950
04/02/2022;27,7;82;7,3;0;1,5;11950
05/02/2022;28;82;2,3;0;20,3;11950
06/02/2022;27,4;81;4,7;1;0;11950
07/02/2022;26,4;84;5,6;0;24,9;11950
08/02/2022;28;78;0,8;1;19;11950
09/02/2022;27;83;8,7;0;1,3;11950
10/02/2022;26,9;85;5,5;0;32,13;11950
11/02/2022;27,3;82;2;1;0,5;11950
12/02/2022;27,6;81;0,2;1;1,6;11950
13/02/2022;27,4;83;2,4;1;6,7;11950
14/02/2022;27,4;81;2,8;1;27;11950
15/02/2022;28,4;78;0,1;1;0;11950
16/02/2022;28,5;77;4,4;2;0;11900
17/02/2022;28,4;78;6,3;2;0;11900
18/02/2022;27,1;86;1,5;0;14,5;11900
19/02/2022;28,4;78;0;1;8,9;11900
20/02/2022;26,8;84;7,4;1;0;11900
21/02/2022;27,1;84;1,5;1;3,9;11900
22/02/2022;27,5;77;1,2;0;32,13;11900
23/02/2022;26,9;82;5,4;1;3,5;11950
24/02/2022;26,7;83;4,2;1;32,13;11950
25/02/2022;27,6;80;5,4;2;32,13;11950
26/02/2022;27,4;82;2,2;1;1,3;11950
27/02/2022;26,2;89;5,8;1;8,5;11950
28/02/2022;26,6;88;4,2;0;14,5;11950
01/03/2022;27,1;87;3,2;1;19,1;11950
02/03/2022;28,1;80;0,8;1;1,5;11950
03/03/2022;28,4;79;5,5;1;15,82;11950
04/03/2022;27,8;82;4,8;1;0;11950
05/03/2022;28;81;8,3;1;25,5;11950
06/03/2022;27,6;80;5;2;33,5;11950
07/03/2022;27,9;80;4,7;1;32,13;11950
08/03/2022;27,7;83;5,4;1;11,82;11950
09/03/2022;28,3;80;5,2;1;7,7;11900
10/03/2022;28,4;79;4;1;0;11900
11/03/2022;27,3;86;3,4;1;10,52;11900
12/03/2022;28,2;83;3,9;1;2,2;11900
13/03/2022;28,6;82;0,3;1;8,1;11900
14/03/2022;28,2;79;4,2;2;25,8;11900
15/03/2022;29,6;78;8,7;2;0;11900
16/03/2022;27,4;86;5,6;1;20,4;11900
17/03/2022;29,3;79;1;2;0;11900
18/03/2022;29,8;77;5,8;1;4,12;11900
19/03/2022;28,3;82;8,2;1;15,04;11900
20/03/2022;27,5;84;5,1;1;18,7;11900
21/03/2022;27,6;84;2,7;1;6,4;11900
22/03/2022;26;90;2,7;1;17,1;11900
23/03/2022;26,6;84;1,8;1;1;11900
24/03/2022;29,3;76;5,2;1;1,5;11900
25/03/2022;29,4;76;8,6;2;0;11900
26/03/2022;28,3;81;4,5;1;32,13;11900
27/03/2022;27,3;85;5,6;1;18,46;11900
28/03/2022;28,6;79;5;1;28,6;11900
29/03/2022;29,2;76;4,3;1;0;11900
30/03/2022;28,4;82;8,6;1;14,2;11900
31/03/2022;28,2;79;6,4;1;0;11900
01/04/2022;27,8;80;3,5;1;0;11900
02/04/2022;28,4;78;5;0;0;11900
03/04/2022;27,9;80;4,2;1;0;11900
04/04/2022;28,1;81;6,3;1;32,13;11900
05/04/2022;29,5;74;8;1;1,18;11900
06/04/2022;28,8;76;8,7;0;0;11900
07/04/2022;28,8;76;5,5;1;0;11900
08/04/2022;29,8;72;7,2;1;0;11900
09/04/2022;28,1;83;6,7;1;0;11900
10/04/2022;29,5;74;5;1;3;11900
11/04/2022;29,4;74;6,2;1;0,08;11900
12/04/2022;28,2;76;9,1;0;0,02;11900
13/04/2022;28,9;72;7,3;1;0;11900
14/04/2022;29,7;69;7,4;1;0;11900
15/04/2022;29,7;68;7,2;1;0;11900
16/04/2022;29,7;76;8;1;0;11900
17/04/2022;29,4;74;5,8;1;0;11900
18/04/2022;28,1;83;7,3;2;0;11900
19/04/2022;27,2;82;2,2;1;2,8;11900
20/04/2022;27,5;84;2,6;1;3,1;11900
21/04/2022;29;78;1,9;1;1,56;11900
22/04/2022;29;77;3;1;14,28;11900
23/04/2022;29,6;76;5,4;1;1,42;11900
24/04/2022;28,9;80;6,4;1;11,5;11900
25/04/2022;30;72;6,2;1;0;11900
26/04/2022;28,4;81;6,2;1;0,5;11900
27/04/2022;28,9;80;1,3;1;0;11900
28/04/2022;28,7;82;4,2;1;7;11900
29/04/2022;28,4;81;3;1;7,3;11900
30/04/2022;27,3;88;7,2;1;18,18;11900
01/05/2022;28,9;84;3;3;6,6;11900
02/05/2022;29,5;74;5,8;2;0;11900
03/05/2022;29,7;74;7,7;2;0;11900
04/05/2022;29,4;75;9;1;0;11900
05/05/2022;29,7;75;6,4;1;0;11900
06/05/2022;29,6;75;3,2;1;0;11900
07/05/2022;29,8;75;5,2;2;0;11900
08/05/2022;28,9;83;8,2;1;22,1;11900
09/05/2022;28,4;84;0;2;6,4;11900
10/05/2022;29,2;81;1,5;2;0;11900
11/05/2022;28,4;83;3,7;1;5,4;11900
12/05/2022;29,8;78;5,8;1;0;11900
13/05/2022;29,4;79;6,5;1;0;11900
14/05/2022;28,9;84;4;1;23,1;11900
15/05/2022;29,8;80;2,3;1;6;11900
16/05/2022;29,5;78;8,2;1;0;11900
17/05/2022;29,1;76;7,8;1;10,1;11900
18/05/2022;28,2;80;5,4;2;0;11900
19/05/2022;27,9;85;3,6;2;14,2;11900
20/05/2022;27,4;84;2,5;1;6,7;11900
21/05/2022;28,4;80;2,5;1;2,5;11900
22/05/2022;29;76;6,5;3;0;11900
23/05/2022;30,3;71;6,7;3;0;11900
24/05/2022;30,2;74;8,8;4;0;11900
25/05/2022;29,2;79;8,5;1;23,04;11900
26/05/2022;26,2;90;6;1;1,2;11900
27/05/2022;27,2;86;0;1;9,4;11900
28/05/2022;28,6;78;1,8;1;12,94;11900
29/05/2022;28,3;80;9,7;1;20,92;11900
30/05/2022;29,1;78;4,5;1;0;11900
31/05/2022;29,8;77;9,5;2;0;11900
01/06/2022;27,7;86;9,2;1;12,6;11900
02/06/2022;29;76;0;2;2,5;11900
03/06/2022;28,8;76;8,8;1;1,02;11900
04/06/2022;28,6;77;8,2;1;4,26;11900
05/06/2022;28,5;78;5,7;1;11,54;11900
06/06/2022;27,9;82;7,1;1;21,5;11900
07/06/2022;28,8;80;4,5;2;0,8;11900
08/06/2022;27,4;88;7,6;2;0;11900
09/06/2022;27,1;83;4,1;1;5,7;11900
10/06/2022;28,1;81;0;2;3,5;11900
11/06/2022;28,7;80;5,5;2;0;11900
12/06/2022;28,5;76;7,8;2;10,5;11900
13/06/2022;27,5;84;7,4;1;6,5;11900
14/06/2022;26,7;90;4,3;1;6,5;11900
15/06/2022;28;82;2,5;2;8,5;11900
16/06/2022;27,8;82;4,2;2;9,3;11900
17/06/2022;27,6;82;4,5;1;4,7;11900
18/06/2022;28;78;3,2;1;1,5;11900
19/06/2022;28,3;77;6,5;1;0;11900
20/06/2022;28,7;74;7,4;2;3;11900
21/06/2022;28,6;70;9,6;2;0;11900
22/06/2022;28,2;71;7,5;2;0;11900
23/06/2022;28,2;74;10;2;0;11900
24/06/2022;28,6;75;5,2;1;4,76;11900
25/06/2022;28,1;75;7;2;0;11900
26/06/2022;28,2;77;6,5;1;0;11900
27/06/2022;28,2;78;5,2;2;1,1;11900
28/06/2022;27,9;73;7,1;2;0,6;11900
29/06/2022;28,5;66;8,3;1;0;11850
30/06/2022;27,7;72;8,1;1;0,32;11850
01/07/2022;28;73;9;2;0;11850
02/07/2022;28,3;78;9;2;0;11850
03/07/2022;29,3;80;5;2;1,74;11850
04/07/2022;29,2;79;7;1;0;11850
05/07/2022;28,8;79;5,5;2;6,3;11850
06/07/2022;27,8;82;4;2;2,5;11850
07/07/2022;28,6;71;6,5;2;0;11900
08/07/2022;27,2;68;7;2;0;11900
09/07/2022;26,7;67;9,1;2;0;11900
10/07/2022;27,7;68;10;2;0;11900
11/07/2022;27,8;76;9,8;2;0;11900
12/07/2022;29,2;73;3,8;4;0;11900
13/07/2022;28,3;79;9,2;2;4,64;11900
14/07/2022;27;85;5,2;3;2,6;11900
15/07/2022;29,2;72;1;3;1;11900
16/07/2022;29,2;74;9;2;0;11900
17/07/2022;27,4;81;7,3;1;16,7;11900
18/07/2022;28,5;69;0,3;2;0;11900
19/07/2022;28,8;70;8,9;3;0;11900
20/07/2022;27,7;73;10,4;2;0;11900
21/07/2022;28;70;9,5;3;0;11900
22/07/2022;28,4;73;9,9;2;0;11900
23/07/2022;28,4;72;6,9;2;0;11900
24/07/2022;28,8;63;9,5;2;0;11900
25/07/2022;27;63;9,8;2;0;11900
26/07/2022;26,8;67;10,2;2;0;11900
27/07/2022;28,6;67;9,4;2;0;11850
28/07/2022;28,4;73;10,3;3;0;11850
29/07/2022;28;75;9,9;3;0;11850
30/07/2022;27,9;71;9,7;2;0;11850
31/07/2022;27,3;74;9,7;1;0;11850
01/08/2022;28,1;72;8,3;2;0;11850
02/08/2022;27,9;77;4,4;2;0;11850
03/08/2022;29,3;74;0,3;2;0;11900
04/08/2022;28,6;70;9,5;2;0;11900
05/08/2022;28,2;64;9,3;1;0;11900
06/08/2022;27,6;73;9,3;1;0;11900
07/08/2022;27,5;77;6,3;1;11,08;11900
08/08/2022;28,1;74;7,2;2;0,6;11900
09/08/2022;28,5;69;9,5;3;0;11900
10/08/2022;28,6;70;9,8;4;0,12;11850
11/08/2022;29,6;72;8,5;4;0;11850
12/08/2022;28,7;77;9,8;2;0;11850
13/08/2022;28,7;77;4,2;3;0;11850
14/08/2022;28,3;79;5,4;2;0,3;11850
15/08/2022;28;80;5,5;0;1;11850
16/08/2022;28,6;76;2;2;6,56;11850
17/08/2022;28,8;68;6,2;3;0;11850
18/08/2022;28,4;70;9,8;2;0;11850
19/08/2022;28,6;71;9,9;2;0;11850
20/08/2022;28,2;69;9,5;4;0;11850
21/08/2022;28,1;71;9,8;4;0;11850
22/08/2022;28,1;68;9,4;3;0;11850
23/08/2022;28,7;68;9,8;3;0;11850
24/08/2022;28,1;64;9,5;3;0;11900
25/08/2022;28,5;65;9,9;3;0;11900
26/08/2022;28,6;70;9,9;2;0;11900
27/08/2022;28,2;70;7,4;3;0;11900
28/08/2022;27,9;68;9,6;2;0;11900
29/08/2022;28,3;68;8,4;2;0;11900
30/08/2022;28,2;76;9,8;2;0;11900
31/08/2022;27,6;78;8;1;10,06;11950
01/09/2022;29,1;69;3,1;3;2,68;11950
02/09/2022;29,6;68;9,5;2;0;11950
03/09/2022;29,3;68;9,3;2;0;11950
04/09/2022;29,6;66;9,4;1;0;11950
05/09/2022;29,1;74;5,9;2;0;11950
06/09/2022;28,6;74;2,1;2;0;11950
07/09/2022;29,1;73;6,3;3;0,6;12000
08/09/2022;27,6;79;6;1;14,48;12000
09/09/2022;27,5;77;3,3;1;8,8;12000
10/09/2022;28,9;72;1,2;1;0;12000
11/09/2022;28,6;75;4,3;1;4,76;12000
12/09/2022;29,3;74;5,2;2;0;12000
13/09/2022;29,5;70;8,9;3;0;12000
14/09/2022;29,7;66;8,9;2;0;12000
15/09/2022;29;70;9,1;3;0;12000
16/09/2022;29,4;66;7,5;3;0;12000
17/09/2022;29,5;60;6,8;2;0;12000
18/09/2022;29,5;63;8,5;2;0;12000
19/09/2022;29,3;66;9;2;0;12000
20/09/2022;28,5;72;8,9;2;0;12000
21/09/2022;28,9;72;2,3;1;0;12000
22/09/2022;29,7;69;0,6;2;0;12000
23/09/2022;29,6;70;7,1;3;0;12000
24/09/2022;29,6;70;9;2;0;12000
25/09/2022;29,4;69;8,6;2;0;12000
26/09/2022;30,5;66;8,8;2;0;12000
27/09/2022;29,7;66;9;2;0;12000
28/09/2022;29,6;63;8;2;0;12000
29/09/2022;29,4;68;9;2;0;12000
30/09/2022;27,6;84;7,7;1;0;12000
01/10/2022;28,1;80;2,1;2;31,5;12000
02/10/2022;28,3;78;4;1;0,5;12000
03/10/2022;27,6;84;5;1;21,7;12000
04/10/2022;28,3;78;1,7;1;36;12000
05/10/2022;28,3;80;3,8;1;7,34;12000
06/10/2022;27,9;81;1,5;2;0;12000
07/10/2022;28,6;76;3,2;1;0;12000
08/10/2022;29,6;74;5,5;1;0;12000
09/10/2022;28,7;78;8,5;2;0;12000
10/10/2022;29,2;74;7,7;2;16;12000
11/10/2022;28,4;77;7,7;1;10,52;12000
12/10/2022;29,2;74;1;2;0;12050
13/10/2022;28,9;74;8;1;0,74;12050
14/10/2022;28,7;80;6,5;1;10,8;12050
15/10/2022;28,5;81;6,3;1;38,8;12050
16/10/2022;29,6;74;4,8;1;2,4;12050
17/10/2022;27,9;82;3,2;1;0;12050
18/10/2022;27,1;86;1,5;0;3,3;12050
19/10/2022;27;85;0;1;10,4;12050
20/10/2022;27,7;86;0,5;1;2,7;12050
21/10/2022;26,4;91;0,7;1;10,9;12050
22/10/2022;27,9;80;1;1;27,2;12050
23/10/2022;28,8;78;8,5;2;0;12050
24/10/2022;27,2;88;7,1;1;11;12050
25/10/2022;27,8;82;2,4;2;37,5;12050
26/10/2022;27,1;86;5,2;1;17,9;12050
27/10/2022;27,3;78;2,6;1;10,8;12050
28/10/2022;28,5;71;0,5;1;0;12050
29/10/2022;28,3;68;9,1;1;0;12050
30/10/2022;29,3;65;1;1;0;12050
31/10/2022;28,9;68;6,5;1;0;12050
01/11/2022;28,6;78;8,5;1;21,4;12050
02/11/2022;29,2;75;2,8;1;0;12050
03/11/2022;28,9;82;6,1;1;34,3;12050
04/11/2022;28,6;80;5;1;41,7;12050
05/11/2022;29,1;80;3;0;0;12050
06/11/2022;28,6;81;1,2;1;0;12050
07/11/2022;27,1;82;0,5;1;0;12050
08/11/2022;28,9;75;2,5;2;4,5;12050
09/11/2022;27;88;6,6;1;32,13;12050
10/11/2022;28;84;0;1;7,5;12050
11/11/2022;28,7;75;4,5;1;17,7;12050
12/11/2022;27,7;84;2,4;1;0;12050
13/11/2022;28,5;84;2,5;1;1,4;12050
14/11/2022;28,3;84;4,6;1;2,6;12050
15/11/2022;28,2;84;4,3;1;3,8;12050
16/11/2022;28,5;82;5,2;2;21,2;12050
17/11/2022;28,7;78;0;1;0;12050
18/11/2022;28,6;77;3,1;2;0,8;12050
19/11/2022;25,7;89;0,2;1;32,13;12050
20/11/2022;26,9;86;0;1;8,4;12050
21/11/2022;28,4;77;3;1;28,5;12050
22/11/2022;28,2;81;7,9;2;1;12050
23/11/2022;27,9;85;7;0;32;12050
24/11/2022;26,9;86;0,2;1;3,9;12050
25/11/2022;27,7;85;0,9;1;24,6;12050
26/11/2022;27,5;84;2,4;1;0;12050
27/11/2022;26,6;87;1,6;0;1,1;12050
28/11/2022;27,3;84;4;1;1,2;12050
29/11/2022;27,3;86;2,2;0;26,9;12050
30/11/2022;26,8;84;1,2;1;19,7;12150
01/12/2022;28,8;76;0,8;1;3,2;12150
02/12/2022;28,6;76;2,8;1;0;12150
03/12/2022;28,6;77;2,3;1;0;12150
04/12/2022;28;84;3,4;1;0;12150
05/12/2022;27,1;86;1,2;1;1;12150
06/12/2022;29,3;78;3;1;3,2;12150
07/12/2022;29,1;75;5,2;1;0,2;12150
08/12/2022;30,2;71;5,1;1;0;12150
09/12/2022;30,1;70;7,3;2;0;12150
10/12/2022;29,4;75;5,7;1;32,13;12150
11/12/2022;29,6;74;8,2;1;3,4;12150
12/12/2022;29,2;76;5,8;2;0;12150
13/12/2022;29,7;77;6,5;1;5,58;12150
14/12/2022;28,4;80;3,5;1;0;12150
15/12/2022;28,8;78;2,2;1;7,52;12150
16/12/2022;27,8;82;6,8;1;1,5;12150
17/12/2022;28,1;79;0,2;1;13;12150
18/12/2022;29,2;77;2,6;1;6,9;12150
19/12/2022;28,5;81;8,8;2;17;12150
20/12/2022;28,5;78;2,8;1;20,6;12150
21/12/2022;27,8;83;5,3;2;4,2;12150
22/12/2022;27,7;84;7,9;2;7,9;12150
23/12/2022;27,4;84;1,8;2;24,9;12150
24/12/2022;27,7;78;0;3;6,3;12150
25/12/2022;27,4;84;1,9;2;0,4;12150
26/12/2022;27,3;84;0,3;2;0;12150
27/12/2022;27,4;83;0;2;7,7;12150
28/12/2022;28,8;76;0;3;0;12150
29/12/2022;27,2;86;6,7;2;14,8;12150
30/12/2022;25,9;88;0;2;17,42;12150
31/12/2022;25,7;90;0;1;8,1;12150
01/01/2023;27,5;81;0;2;34,4;12150
02/01/2023;27,9;80;1,8;4;0,1;12150
03/01/2023;28,4;77;2,2;2;0;12150
04/01/2023;28,9;75;2,2;2;1,32;12150
05/01/2023;29,2;72;7,3;2;0;12150
06/01/2023;28,6;75;7,6;2;0;12150
07/01/2023;28,3;76;0,2;2;0,1;12150
08/01/2023;27,5;83;6,2;2;13,5;12150
09/01/2023;27,5;82;6,1;2;26,2;12150
10/01/2023;28,7;78;6;2;20,5;12150
11/01/2023;29;75;6,1;2;1;12200
12/01/2023;28,3;78;8;1;28,9;12200
13/01/2023;28,4;77;8,8;2;1;12200
14/01/2023;29,2;73;8,6;3;30;12200
15/01/2023;28,8;77;7;3;0;12200
16/01/2023;27,7;82;8,3;1;4,5;12200
17/01/2023;26,6;86;2,3;2;1,2;12200
18/01/2023;27,3;81;2,9;1;23,3;12200
19/01/2023;27,9;81;5;1;1,9;12200
20/01/2023;28,3;78;2,6;1;3,3;12200
21/01/2023;27,6;82;1,8;2;0;12200
22/01/2023;28,1;81;5,2;2;40,5;12200
23/01/2023;28,8;78;6,2;2;34;12200
24/01/2023;28,7;80;4;1;0;12200
25/01/2023;27,1;85;1,9;1;28,14;12200
26/01/2023;26,6;87;4,9;2;32,13;12200
27/01/2023;26,7;85;0,9;2;2,4;12200
28/01/2023;25,9;90;1,2;1;11,1;12200
29/01/2023;26,6;86;0;1;10,8;12200
30/01/2023;28,8;79;5,3;2;6,1;12200
31/01/2023;27,7;82;3,2;2;11,46;12200
01/02/2023;27,2;83;2,7;1;27,1;12200
02/02/2023;26,7;88;0,1;2;1;12250
03/02/2023;27,6;80;1;2;4,5;12250
04/02/2023;27;86;0;2;6,16;12250
05/02/2023;28,6;79;1,5;2;4;12250
06/02/2023;27,4;82;3,5;2;0;12250
07/02/2023;27,5;82;3,2;4;15,6;12250
08/02/2023;27,7;82;2,2;2;2,3;12250
09/02/2023;27,1;86;3,5;1;18,6;12250
10/02/2023;28,4;80;4,3;3;32,13;12250
11/02/2023;26,9;86;4;1;0;12250
12/02/2023;26,5;87;2,2;2;7,8;12250
13/02/2023;27,2;81;3;2;12,9;12250
14/02/2023;27,3;83;2,5;3;8,5;12250
15/02/2023;26,7;85;5,6;1;35,8;12300
16/02/2023;26,9;84;3,4;2;7,9;12300
17/02/2023;27,3;85;3,4;2;40,6;12300
18/02/2023;26,9;85;3;2;6,6;12300
19/02/2023;27,8;82;8;2;32,13;12300
20/02/2023;27,7;81;4,8;2;19,5;12300
21/02/2023;27,6;82;7,5;2;18,6;12300
22/02/2023;27,6;82;6,8;3;32,13;12300
23/02/2023;27,4;84;5,6;2;1;12300
24/02/2023;28,3;77;3,1;3;3,2;12300
25/02/2023;28,4;77;3,7;3;0;12300
26/02/2023;27,6;82;7,3;2;3,6;12300
27/02/2023;26,5;85;2,6;2;44,76;12300
28/02/2023;27,5;78;2,8;3;8,5;12300
01/03/2023;26,7;84;1,8;2;6,2;12300
02/03/2023;27,1;92;1,8;3;1,6;12300
03/03/2023;28,5;79;1,2;3;8,2;12300
04/03/2023;28,4;75;7,4;2;0;12300
05/03/2023;27,3;81;5,4;2;0;12300
06/03/2023;28,3;79;5,4;1;32,13;12300
07/03/2023;28,7;78;4,8;2;1,18;12300
08/03/2023;27,4;84;6,5;1;0;12250
09/03/2023;28,7;78;0,8;1;32,13;12250
10/03/2023;29,4;74;4,1;2;0;12250
11/03/2023;29,7;74;8,2;1;0,68;12250
12/03/2023;29,1;76;7,6;2;0;12250
13/03/2023;28,6;75;7,3;2;0;12250
14/03/2023;28,2;74;6;2;0;12250
15/03/2023;28,7;77;6,9;2;0,2;12300
16/03/2023;29,4;75;5,1;2;0;12300
17/03/2023;28,9;75;4;1;12,64;12300
18/03/2023;28,6;79;3,4;1;0;12300
19/03/2023;29,3;76;4,3;2;2,34;12300
20/03/2023;28;81;6;1;6;12300
21/03/2023;29;76;7;1;5,9;12300
22/03/2023;28,8;80;6,2;1;13,6;12300
23/03/2023;29,8;74;4,7;2;0;12300
24/03/2023;28,2;81;7,2;2;0;12300
25/03/2023;28,6;78;4,2;2;4,8;12300
26/03/2023;28,4;78;5,6;2;0;12300
27/03/2023;27,7;81;3,5;2;0;12300
28/03/2023;27,9;82;0,6;1;0;12300
29/03/2023;28,7;77;2;1;6,66;12350
30/03/2023;27;85;5,1;1;8,4;12350
31/03/2023;26,5;86;2,5;2;9,4;12350
01/04/2023;26,8;83;2,3;1;22,2;12350
02/04/2023;27,2;85;1,2;1;11,3;12350
03/04/2023;27,9;80;2,3;2;4;12350
04/04/2023;28,7;76;5,4;2;0,12;12350
05/04/2023;27,9;81;4,2;1;21,1;12400
06/04/2023;27,6;83;2,2;1;0;12400
07/04/2023;28,8;76;3,6;1;45,5;12400
08/04/2023;27,5;80;2,1;2;0;12400
09/04/2023;28,1;80;7;2;32,13;12400
10/04/2023;27,4;82;7,3;2;14,8;12400
11/04/2023;29,2;79;7,3;2;11,5;12450
12/04/2023;28,3;82;9,5;2;6,8;12450
13/04/2023;28,1;77;5,7;1;36;12450
14/04/2023;28,6;78;0,5;1;0;12450
15/04/2023;29;79;5,2;2;19,4;12450
16/04/2023;29,4;77;4,8;1;31,2;12450
17/04/2023;28,5;81;8,1;1;0;12450
18/04/2023;29,2;81;5;1;10,1;12500
19/04/2023;29,8;73;3,7;2;0;12600
20/04/2023;29,2;77;8,4;2;0,2;12600
21/04/2023;29,3;78;6,8;2;0;12600
22/04/2023;30;74;6,7;2;0;12600
23/04/2023;30,5;71;8,7;4;0;12600
24/04/2023;30,3;73;8,4;2;0;12600
25/04/2023;30;76;9,4;2;0;12600
26/04/2023;28,8;82;6,8;1;5,5;12650
27/04/2023;29;80;2,3;1;4;12650
28/04/2023;28;84;5;1;22,2;12650
29/04/2023;28;84;1,8;1;12,9;12650
30/04/2023;29,4;78;1,6;1;2,5;12650
01/05/2023;29,6;78;6,2;2;0;12650
02/05/2023;29,2;80;6;2;0;12650
03/05/2023;28,8;83;4,3;3;2,5;12750
04/05/2023;29,7;79;3,2;1;21,1;12750
05/05/2023;29,8;76;5,8;1;1,3;12750
06/05/2023;29,4;79;7,1;1;1;12750
07/05/2023;30,1;73;4;1;0;12750
08/05/2023;30,1;72;8,1;1;0;12750
09/05/2023;29;78;8,1;1;0;12800
10/05/2023;28,7;82;1,9;4;5,5;12850
11/05/2023;28,3;85;2;2;4,3;12850
12/05/2023;29,8;77;0,8;2;0;12850
13/05/2023;28,6;72;7,2;2;0;12850
14/05/2023;28,2;72;7,2;2;0,32;12850
15/05/2023;28,3;70;9;1;0;12850
16/05/2023;28,6;68;9;1;0;12850
17/05/2023;28,9;66;7,8;2;0;12900
18/05/2023;29,3;64;8,3;2;0;12900
19/05/2023;29;71;8,9;1;0;12900
20/05/2023;29,4;69;5,1;1;0;12900
21/05/2023;29,1;68;8,7;3;0;12900
22/05/2023;29;70;8,8;2;0;12900
23/05/2023;29,2;70;9,2;2;0;12900
24/05/2023;29,2;74;9,2;2;0;12850
25/05/2023;29,4;69;8,2;1;0;12850
26/05/2023;29,4;66;9;2;0;12850
27/05/2023;28,9;64;9,3;2;0;12850
28/05/2023;28,9;66;9;2;0;12850
29/05/2023;29,5;64;9,3;2;0;12850
30/05/2023;29,1;70;9;3;0,46;12850
31/05/2023;29,2;67;9,2;3;0;12900
01/06/2023;29,7;68;8,9;2;0;12900
02/06/2023;29,6;72;8,9;2;0;12900
03/06/2023;29,7;72;9;2;0,24;12900
04/06/2023;29,5;70;8,4;2;0;12900
05/06/2023;29,6;69;7,2;2;0;12900
06/06/2023;29,6;72;6;2;0;12900
07/06/2023;29,4;73;9;3;6;12900
08/06/2023;29,3;72;7;2;0;12900
09/06/2023;29,2;72;9,5;1;0;12900
10/06/2023;29,5;70;8,7;1;0;12900
11/06/2023;29,7;70;8;3;0;12900
12/06/2023;29,4;76;6,2;3;0;12900
13/06/2023;29;73;6,2;2;0,2;12900
14/06/2023;28,9;67;9,1;2;0;12900
15/06/2023;28,7;68;7,5;2;0;12900
16/06/2023;28,8;71;4,4;1;0;12900
17/06/2023;28,6;72;7;2;0;12900
18/06/2023;28,8;72;8,6;3;0;12900
19/06/2023;29,4;72;8,4;1;0;12900
20/06/2023;29,8;70;9,3;2;0;12900
21/06/2023;29,1;71;8,4;2;0;12900
22/06/2023;29,5;68;6,1;2;0;12900
23/06/2023;29;69;9,2;1;0;12900
24/06/2023;28,7;70;9,4;2;0;12900
25/06/2023;28,8;73;9;2;0;12900
26/06/2023;28,6;72;5,1;2;0;12900
27/06/2023;28,8;69;7;1;0;12900
28/06/2023;29,3;70;8,5;3;0;12900
29/06/2023;29,5;71;8,8;2;0;12900
30/06/2023;29,4;70;7,5;3;0;12900
01/07/2023;29,2;71;9,6;2;0;12900
02/07/2023;28,8;72;9;2;0;12900
03/07/2023;28,9;73;8,2;1;0;12900
04/07/2023;28,7;76;5,2;2;0;12900
05/07/2023;28,9;73;2,5;2;32,13;12950
06/07/2023;29,1;72;9;2;0;12950
07/07/2023;27,6;82;9,3;1;7,1;12950
08/07/2023;27,1;85;1;1;26,5;12950
09/07/2023;28,9;72;0,4;3;5,8;12950
10/07/2023;28,4;73;9,6;3;0;12950
11/07/2023;28,4;67;9,2;1;0;12950
12/07/2023;28,2;69;9,2;1;0;12950
13/07/2023;28,8;70;8,7;2;0;12950
14/07/2023;28,9;69;4;2;0;12950
15/07/2023;28,7;70;8,6;1;0;12950
16/07/2023;28,1;69;9,5;2;0;12950
17/07/2023;27,9;65;9,8;3;0;12950
18/07/2023;28;65;9,8;3;0;12950
19/07/2023;27,5;64;9,7;2;0;12950
20/07/2023;27,6;62;9,8;2;0;12950
21/07/2023;27,6;64;9,3;1;0;12950
22/07/2023;28,6;65;9,3;3;0;12950
23/07/2023;28,4;70;9;3;0,12;12950
24/07/2023;28,7;69;9;3;0;12950
25/07/2023;28,3;71;9,5;3;0;12950
26/07/2023;27,8;67;5,7;2;0;12950
27/07/2023;28;63;8,3;2;0;12950
28/07/2023;28;63;9,5;2;0;12950
29/07/2023;27,7;64;9,8;2;0;12950
30/07/2023;27,7;65;9,7;4;0;12950
31/07/2023;28,5;65;9,5;3;0;12950
01/08/2023;28,7;72;9,5;4;0;12950
02/08/2023;28,8;73;9,7;4;0;12950
03/08/2023;28,7;68;9,4;4;0;12950
04/08/2023;28,2;68;9,2;3;0;12950
05/08/2023;28,6;69;8,5;2;0;12950
06/08/2023;28,8;70;9,6;3;0,6;12950
07/08/2023;28,6;68;9,6;4;0;12950
08/08/2023;28,4;66;9,5;4;0;12950
09/08/2023;28,1;65;8,9;3;0;12950
10/08/2023;27,7;60;8;3;0;12950
11/08/2023;27,8;62;8,8;3;0;12950
12/08/2023;28,3;61;8,8;2;0;12950
13/08/2023;28,6;64;8,7;2;0;12950
14/08/2023;28,4;62;9,1;3;0;12950
15/08/2023;28,7;65;9,3;3;0;12950
16/08/2023;28,3;62;8,8;2;0;12950
17/08/2023;27,7;68;8,7;3;0;12950
18/08/2023;27,8;65;8;3;0;12950
19/08/2023;28,7;67;8,9;4;0;12950
20/08/2023;28,8;66;9,5;2;0;12950
21/08/2023;28,5;69;9;4;0;12950
22/08/2023;28,3;66;8;3;0;12950
23/08/2023;28;66;9,8;3;0;12900
24/08/2023;28,3;66;9,9;3;0;12900
25/08/2023;28,9;68;9,6;2;0;12900
26/08/2023;28,9;61;9,2;3;0;12900
27/08/2023;28,7;63;9,5;3;0;12900
28/08/2023;28,7;66;9;3;0;12900
29/08/2023;29;62;9,2;3;0;12900
30/08/2023;28,6;67;9;3;0;13000
31/08/2023;28,7;65;9;3;0;13000
01/09/2023;28,4;63;9;2;0;13000
02/09/2023;28,1;59;8,8;3;0;13000
03/09/2023;27,9;59;8,7;3;0;13000
04/09/2023;28;59;8,7;2;0;13000
05/09/2023;28,6;61;8,7;3;0;13000
06/09/2023;29;64;8,8;2;0;13150
07/09/2023;28,7;67;8,8;2;0;13150
08/09/2023;28,2;64;7,8;3;0;13150
09/09/2023;28,6;64;8,5;2;0;13150
10/09/2023;28,8;62;8,3;3;0;13150
11/09/2023;29,4;65;8,8;3;0;13150
12/09/2023;29,4;64;8,5;4;0;13150
13/09/2023;29,3;65;8,4;3;0;13150
14/09/2023;28,4;68;8,5;3;0;13150
15/09/2023;29;63;8,2;3;0;13150
16/09/2023;29;69;8,6;3;0;13150
17/09/2023;29,5;67;7,3;3;0;13150
18/09/2023;28,9;66;8,5;2;0;13150
19/09/2023;29,2;63;8,6;3;0;13150
20/09/2023;29,2;63;8,6;3;0;13150
21/09/2023;28,7;62;8,5;3;0;13150
22/09/2023;28,6;59;7,4;4;0;13150
23/09/2023;29,3;59;8,2;3;0;13150
24/09/2023;29,5;61;8,6;3;0;13150
25/09/2023;29,2;63;8,6;2;0;13150
26/09/2023;29,3;58;8,8;2;0;13150
27/09/2023;29,3;61;9;3;0;13250
28/09/2023;29,7;62;8,8;4;0;13250
29/09/2023;29,9;64;8,8;4;0;13250
30/09/2023;29,6;60;8,7;2;0;13250
01/10/2023;29,8;60;8,8;2;0;13250
02/10/2023;29,9;57;8,5;3;0;13250
03/10/2023;29,9;64;8,3;3;0;13300
04/10/2023;30;67;8,6;3;0;13400
05/10/2023;30;70;8,9;3;0,46;13400
06/10/2023;31;57;7,8;4;0;13400
07/10/2023;30;67;8,7;3;0;13400
08/10/2023;30,3;66;7,8;4;0;13400
09/10/2023;30,5;66;8,6;2;0;13400
10/10/2023;30,2;67;8,5;2;0;13400
11/10/2023;30,5;64;7,2;2;0;13400
12/10/2023;30,6;64;8,3;3;0;13550
13/10/2023;30,6;63;8,7;4;0;13550
14/10/2023;30,7;61;8,4;4;0;13550
15/10/2023;31;65;8,5;3;0;13550
16/10/2023;30,7;65;7,8;3;0;13550
17/10/2023;30,9;60;8,7;4;0;13550
18/10/2023;31,1;58;8,4;3;0;13550
19/10/2023;31;62;8,6;4;0;13550
20/10/2023;31,1;62;8,6;3;0;13550
21/10/2023;31;65;9;2;0;13550
22/10/2023;30,7;65;8,6;1;0;13550
23/10/2023;30,3;68;7,6;1;0;13550
24/10/2023;30,8;67;8;3;0;13550
25/10/2023;30,7;60;8;4;0;13550
26/10/2023;31,1;63;8,2;3;0;13550
27/10/2023;30,8;63;8,8;2;0;13550
28/10/2023;30,9;60;8,8;2;0;13550
29/10/2023;31,3;62;9,1;3;0;13550
30/10/2023;31,5;64;9;3;0;13550
31/10/2023;31,4;67;9;2;0;13550
01/11/2023;31,4;64;8,9;2;0;13550
02/11/2023;31,7;62;6;3;0;13550
03/11/2023;31;68;8,9;2;0;13550
04/11/2023;29;78;5,4;2;0;13551
05/11/2023;29,9;74;4,2;2;36,6;13552
06/11/2023;30,8;67;6,2;3;0,44;13550
07/11/2023;30,8;66;8,7;2;0;13550
08/11/2023;30,9;66;8,5;1;0;13550
09/11/2023;30,7;71;8,8;2;0;13550
10/11/2023;30,2;74;7;1;7,5;13550
11/11/2023;31,1;68;5,3;2;0,5;13550
12/11/2023;30,8;68;7,3;2;0;13550
13/11/2023;31,3;66;7,5;2;0;13550
14/11/2023;31,1;70;8,4;2;0;13550
15/11/2023;31,5;68;6,8;2;0;13650
16/11/2023;30,7;70;7,64;2;0;13650
17/11/2023;30,4;73;7;2;0,1;13650
18/11/2023;30,8;64;2,6;2;0;13650
19/11/2023;31,4;61;6,5;3;0;13650
20/11/2023;31,9;62;9,2;2;0;13650
21/11/2023;31,2;68;9,2;3;0;13650
22/11/2023;32,3;63;8,8;4;0;13600
23/11/2023;31,6;62;9;3;0;13600
24/11/2023;29,8;73;7;1;0;13600
25/11/2023;29;75;3,1;1;0;13600
26/11/2023;30,1;71;1,2;1;0;13600
27/11/2023;29,5;75;8;2;0,42;13600
28/11/2023;27,9;83;4,8;1;10,2;13600
29/11/2023;29,6;77;0;2;12;13550
30/11/2023;29,8;75;5,2;2;5,6;13550
01/12/2023;27,8;82;3;1;0,1;13550
02/12/2023;28,8;79;2,7;1;1;13550
03/12/2023;29,1;77;1,8;2;3;13550
04/12/2023;29,1;77;2,5;1;26,3;13550
05/12/2023;29,8;75;1,3;2;3,28;13550
06/12/2023;30;75;6,9;2;0;13550
07/12/2023;29,3;75;4,2;2;0;13550
08/12/2023;29;79;7,8;1;32,13;13600
09/12/2023;29,4;77;3,6;1;4,68;13600
10/12/2023;28,1;81;0,5;1;5,12;13600
11/12/2023;30;71;1,5;1;31;13600
12/12/2023;30,5;71;7,6;3;0;13600
13/12/2023;29,5;76;8,2;2;0;13550
14/12/2023;29,2;78;2;1;0;13600
15/12/2023;28,8;76;0,6;2;3,5;13600
16/12/2023;30,7;69;5;2;12,4;13600
17/12/2023;30;71;7,8;2;0;13600
18/12/2023;30,2;68;7,5;1;1;13600
19/12/2023;30,5;63;6,9;2;0;13600
20/12/2023;29,9;63;7,5;2;0;13600
21/12/2023;30,6;66;8,5;2;0;13600
22/12/2023;30,4;70;8,6;1;0;13600
23/12/2023;30,6;70;6;2;0;13600
24/12/2023;30,6;70;7,3;2;0,04;13600
25/12/2023;27,5;84;8,2;2;0;13600
26/12/2023;29,4;76;0,5;1;44,2;13600
27/12/2023;30,3;74;5;2;0;13550
28/12/2023;30,3;76;3,7;2;0;13550
29/12/2023;30,6;75;5;2;1,2;13600
30/12/2023;29,8;79;6,6;1;6,7;13600
31/12/2023;30,4;75;4,9;2;1,66;13600
01/01/2024;29,9;78;6;2;0,6;13600
02/01/2024;30,6;74;3,4;2;0;13600
03/01/2024;27,5;89;6,2;1;21,22;13600
04/01/2024;29,2;78;0,3;1;4,5;13600
05/01/2024;29,1;78;5,7;2;0;13600
06/01/2024;28,8;80;2,4;1;0;13600
07/01/2024;27,7;85;0,8;1;1,2;13600
08/01/2024;28,5;81;0,4;2;4,4;13600
09/01/2024;28,6;81;3,5;1;0;13600
10/01/2024;29,4;77;7;2;19,8;13600
11/01/2024;29,8;75;6,2;2;0;13600
12/01/2024;30,6;69;7;1;0;13600
13/01/2024;31,1;66;6,3;2;0,2;13600
14/01/2024;30,9;67;7;2;0;13600
15/01/2024;28,9;78;6,1;2;0;13600
16/01/2024;29,3;78;0;2;6,7;13600
17/01/2024;27,5;85;4,6;2;32,13;13600
18/01/2024;27,4;85;0;2;1,4;13600
19/01/2024;27,7;81;3,5;2;21,9;13600
20/01/2024;29,4;72;1;2;0,4;13600
21/01/2024;28,8;77;5;3;0;13600
22/01/2024;28,7;79;7,2;3;11,7;13600
23/01/2024;29,6;75;6,6;2;18,4;13600
24/01/2024;28,8;75;0,1;3;0;13600
25/01/2024;28,9;76;4,5;2;0;13600
26/01/2024;28,3;81;6,2;2;0;13600
27/01/2024;29,3;76;3,8;2;3;13600
28/01/2024;28,8;79;7;2;0;13600
29/01/2024;27,8;85;4,9;1;0;13600
30/01/2024;27,8;85;1,3;1;4,2;13600
31/01/2024;27,3;86;3,8;1;8,7;13750
01/02/2024;28,6;81;4,4;2;27;13750
02/02/2024;28,3;83;6,4;2;2;13750
03/02/2024;28,2;81;4,5;3;0,4;13750
04/02/2024;28,2;81;1;2;3,84;13750
05/02/2024;27,5;82;3,5;2;4,6;13750
06/02/2024;27,4;85;2,5;2;32,13;13750
07/02/2024;28;84;6,3;2;35,7;13750
08/02/2024;28,2;80;0;1;0;13750
09/02/2024;28,8;78;4;2;3;13750
10/02/2024;26,8;90;8;1;32,13;13750
11/02/2024;26,7;87;0;2;7,7;13750
12/02/2024;28,6;82;3,3;2;32,13;13750
13/02/2024;29,1;81;6;2;5;13750
14/02/2024;28,9;85;5,5;2;4,5;13750
15/02/2024;29,8;76;0;1;9,98;13800
16/02/2024;29,7;79;6,5;2;3,74;13800
17/02/2024;28,7;80;6,9;1;0,4;13800
18/02/2024;28,5;81;6,7;1;16,88;13800
19/02/2024;29,7;79;4;1;0;13800
20/02/2024;30,4;75;4,2;2;1,62;13800
21/02/2024;29,1;80;7,5;2;0;13800
22/02/2024;30,1;76;7;3;24,4;14050
23/02/2024;29,2;84;7,6;2;7,2;14050
24/02/2024;29,3;79;2;1;3,56;14050
25/02/2024;28,3;80;1,1;3;0;14050
26/02/2024;28,3;81;7,3;2;0,6;14050
27/02/2024;29,2;78;7,5;2;3,4;14050
28/02/2024;28,9;83;6;1;0;14100
29/02/2024;29,1;82;2;0;32,13;14150
01/03/2024;28,6;82;2,5;2;0;14150
02/03/2024;29,1;81;8,5;2;8;14150
03/03/2024;29,6;79;3,5;2;5,02;14150
04/03/2024;28,6;85;7,4;1;0;14150
05/03/2024;28,7;84;4,6;2;8,4;14150
06/03/2024;30,2;77;1,8;4;0;14400
07/03/2024;29,5;84;7,5;2;1,2;14400
08/03/2024;29,1;83;0,6;2;0,8;14400
09/03/2024;26,1;90;6,5;3;17,4;14400
10/03/2024;28,2;81;0,2;2;10,6;14400
11/03/2024;28,8;82;0,5;2;5,06;14400
12/03/2024;27;91;0,2;1;9,3;14400
13/03/2024;26,9;89;0;2;2;14300
14/03/2024;26,8;88;1;2;11,5;14300
15/03/2024;27,9;84;0,7;3;6,3;14300
16/03/2024;28,5;81;1,2;2;3,5;14300
17/03/2024;28,3;81;1,6;3;0,6;14300
18/03/2024;28,4;82;3,6;3;0,8;14300
19/03/2024;29,6;78;3;2;0;14300
20/03/2024;29,7;77;8,7;2;0;14300
21/03/2024;29,5;76;8,1;2;0,6;14350
22/03/2024;30,4;74;7,5;2;0;14350
23/03/2024;30,3;74;7,3;1;0;14350
24/03/2024;29,9;75;7,5;1;0;14350
25/03/2024;29,7;76;6,2;2;0;14350
26/03/2024;30,4;71;4,2;2;0;14350
27/03/2024;31;65;7,3;1;0;14300
28/03/2024;29,3;76;8,5;2;0;14300
29/03/2024;30,2;74;5,2;1;1,28;14300
30/03/2024;31,3;70;7,4;2;0,2;14300
31/03/2024;30,6;76;8,8;2;0;14300
01/04/2024;29;81;5,3;1;8,04;14300
02/04/2024;29,7;80;4,6;2;2,3;14250
03/04/2024;29,9;76;4,8;2;8,7;14250
04/04/2024;29,8;78;7,8;2;1,1;14250
05/04/2024;29,8;78;7,3;2;32,13;14250
06/04/2024;30,1;79;4,7;2;29,5;14250
07/04/2024;29;82;6,8;1;0,4;14250
08/04/2024;28,5;86;1,8;0;32,13;14250
09/04/2024;28,7;84;0;1;15,7;14350
10/04/2024;29,1;82;0,5;2;0,1;14300
11/04/2024;28,3;84;1,6;1;8,52;14300
12/04/2024;29,2;80;1,3;1;1,4;14300
13/04/2024;29,8;78;5,4;2;0;14300
14/04/2024;30,5;75;5,2;2;0;14300
15/04/2024;29,8;79;8,5;1;2,2;14300
16/04/2024;30,8;72;3,3;2;0;14350
17/04/2024;29,4;79;7,2;3;4,74;14450
18/04/2024;29,7;75;2,7;2;0;14450
19/04/2024;29,8;78;8,6;1;4,8;14450
20/04/2024;30,3;75;6;2;5,1;14450
21/04/2024;28,3;86;9,1;1;14,6;14450
22/04/2024;29,7;81;1,5;2;1,6;14450
23/04/2024;28,5;87;3,3;1;0;14450
24/04/2024;28,5;87;0,2;1;11,7;14350
25/04/2024;26,7;93;0;1;0,4;14450
26/04/2024;29,4;82;0;1;10;14450
27/04/2024;30,8;75;4,4;3;6,5;14450
28/04/2024;31,1;72;9,3;2;0;14450
29/04/2024;30,5;74;7;2;0;14450
30/04/2024;30,7;70;6,5;2;0;14400
01/05/2024;30,4;74;8,1;2;0;14400
02/05/2024;30,4;73;7,8;2;0,66;14400
03/05/2024;30,5;71;7,5;2;0;14400
04/05/2024;29,6;71;8,4;1;0;14400
05/05/2024;29,5;68;7,1;1;0;14400
06/05/2024;29,7;66;8,2;2;0;14400
07/05/2024;30,4;67;8,5;2;0;14400
08/05/2024;30,1;74;8,5;1;0;14300
09/05/2024;30,2;74;8,4;3;9;14300
10/05/2024;30,6;73;8,2;4;0;14300
11/05/2024;30,6;71;8,9;2;1;14300
12/05/2024;30,4;69;7,3;2;0,3;14300
13/05/2024;30,2;71;8,1;2;0;14300
14/05/2024;30,2;70;8,5;2;1,36;14300
15/05/2024;30;70;8,5;1;0;14300
16/05/2024;30,1;68;9;1;0;14300
17/05/2024;30,5;70;9,2;2;0;14300
18/05/2024;30,2;69;9,2;2;0;14300
19/05/2024;29,9;67;8,8;2;0;14300
20/05/2024;30,2;68;9;2;0;14300
21/05/2024;30,1;69;9,2;3;0;14300
22/05/2024;29,9;72;9,1;2;0;14350
23/05/2024;30,3;70;8,4;2;1,36;14350
24/05/2024;30,1;75;8,7;1;0;14350
25/05/2024;30,2;72;7,8;1;2;14350
26/05/2024;29,9;70;7;1;0;14350
27/05/2024;30,7;70;8,9;2;0;14350
28/05/2024;30,1;74;9,2;2;0;14350
29/05/2024;30,2;73;7,8;1;0;14300
30/05/2024;30,2;72;9,5;2;2,6;14350
31/05/2024;30,8;70;9,6;2;0;14350
01/06/2024;31;70;8,1;2;0;14350
02/06/2024;30,2;74;9,1;1;0;14350
03/06/2024;29,8;71;6,4;2;0;14350
04/06/2024;29,7;71;7,1;1;0;14350
05/06/2024;30;68;5,4;1;0;14300
06/06/2024;29,8;70;8,5;1;0;14300
07/06/2024;30,1;68;9,4;2;0;14350
08/06/2024;29,7;73;8,4;1;0;14350
09/06/2024;29;77;7;2;4,2;14350
10/06/2024;30,3;72;3,5;2;2,78;14350
11/06/2024;29,9;74;8,8;2;0;14350
12/06/2024;29,1;75;7,4;1;1;14350
13/06/2024;29,3;74;6,4;2;0,4;14350
14/06/2024;29,6;75;9,1;1;0,94;14350
15/06/2024;29,3;79;6,2;1;0,2;14350
16/06/2024;29,3;74;4,8;2;6,5;14350
17/06/2024;29,6;70;8;3;0,6;14350
18/06/2024;29,1;67;6,2;3;0;14350
19/06/2024;28,5;66;9,8;2;0;14350
20/06/2024;28,4;66;9,5;2;0;14350
21/06/2024;28,4;65;9,5;2;0;14350
22/06/2024;29;65;8;2;0;14350
23/06/2024;28,7;71;8,3;2;0;14350
24/06/2024;28,4;75;1,2;2;4,62;14400
25/06/2024;29,5;72;2;2;0;14400
26/06/2024;29,6;72;7,8;2;0;14400
27/06/2024;29,5;77;8,6;2;0;14400
28/06/2024;29,3;78;4,5;2;0;14400
29/06/2024;30;69;5,6;2;2,48;14400
30/06/2024;29,3;72;8,1;2;0;14400
01/07/2024;29,5;67;4,4;2;0;14400
02/07/2024;28,6;77;8,6;1;0;14400
03/07/2024;28,4;79;1,4;4;24,4;14400
04/07/2024;28,6;76;0;2;0,2;14400
05/07/2024;29,2;68;1;2;0;14400
06/07/2024;28,7;74;8,6;3;0;14400
07/07/2024;29,1;72;8,6;2;0;14400
08/07/2024;28,9;78,6;4,56;2;7,14;14400
09/07/2024;28,1;71;8;2;0;14400
10/07/2024;28,3;73;8;3;0;14400
11/07/2024;28,4;65;6,5;2;0;14450
12/07/2024;27,8;68;8;2;0;14450
13/07/2024;27,8;66;8;2;0;14450
14/07/2024;26,9;65;8;3;0;14450
15/07/2024;27,4;64;8;1;0;14450
16/07/2024;27,5;70;8;2;0;14450
17/07/2024;27,5;72;8;3;0;14350
18/07/2024;27,9;71;8;2;0;14350
19/07/2024;28,2;67;8;2;0;14350
20/07/2024;27,8;70;8;3;0;14350
21/07/2024;27,6;71;8;3;0;14350
22/07/2024;27,8;68;8;2;0;14350
23/07/2024;27,9;71;8;2;0;14350
24/07/2024;28,3;68;8;2;0;14300
25/07/2024;27,9;69;8;2;0;14350
26/07/2024;28,3;66;8;2;0;14350
27/07/2024;28,8;68;8;3;0;14350
28/07/2024;28,7;71;8;2;0;14350
29/07/2024;28,4;70;8;2;0;14350
30/07/2024;28,4;75;8;3;0;14350
31/07/2024;28,8;76;8;3;0;14350
01/08/2024;29,9;74;6,8;3;0;14400
02/08/2024;29,2;74;7,9;4;0;14400
03/08/2024;28,9;71;8;4;0;14400
04/08/2024;28,8;70;8;2;0;14400
05/08/2024;27,9;69;8;2;0;14400
06/08/2024;27,9;68;8;2;0;14400
07/08/2024;28,4;71;8;3;0;14400
08/08/2024;29,4;72;6,8;3;0;14400
09/08/2024;28,9;71;8;3;0;14400
10/08/2024;28,9;69;8;3;0;14400
11/08/2024;27,9;69;8;2;0;14400
12/08/2024;26,5;62;8;2;0;14400
13/08/2024;27,9;70;8;3;0;14400
14/08/2024;28;72;8;3;0;14400
15/08/2024;27,7;69;8;2;0;14400
16/08/2024;27,6;68;8;3;0;14400
17/08/2024;27,6;69;8;3;0;14400
18/08/2024;28,1;69;8;2;0;14400
19/08/2024;27,9;71;8;3;0;14400
20/08/2024;27,8;67;8;3;0;14400
21/08/2024;28,1;70;8;2;0;14500
22/08/2024;28,1;68;8;2;0;14500
23/08/2024;28,3;69;6,1;3;0;14500
24/08/2024;28,6;70;8;2;0;14500
25/08/2024;28,4;70;8;2;0;14500
26/08/2024;28,7;70;8;4;0;14500
27/08/2024;28,4;68;8;3;0;14500
28/08/2024;28,1;67;6,8;1;0;14450
29/08/2024;28,6;70;1,6;2;0;14450
30/08/2024;28,1;68;8;3;0;14500
31/08/2024;28,9;68;8;3;0;14500
01/09/2024;29,5;67;8;3;0;14500
02/09/2024;29,1;68;8;3;0;14500
03/09/2024;29,1;67;8;2;0;14500
04/09/2024;29,3;72;8;2;0;14500
05/09/2024;29,9;70;7,8;3;0;14500
06/09/2024;29,3;70;8;4;0;14550
07/09/2024;29;67;8;3;0;14550
08/09/2024;29,8;69;8;3;0;14550
09/09/2024;29,9;67;8;2;0;14550
10/09/2024;29,6;71;8;1;0;14550
11/09/2024;30,1;68;3,7;2;0;14500
12/09/2024;29,6;63;8;3;0;14550
13/09/2024;29,6;63;8;3;0;14550
14/09/2024;29,6;62;8;2;0;14550
15/09/2024;29,2;64;8;2;0;14550
16/09/2024;29,2;64;8;3;0;14550
17/09/2024;29,5;59;7,5;2;0;14550
18/09/2024;28,7;58;8;2;0;14550
19/09/2024;29,3;63;8;2;0;14550
20/09/2024;29,1;68;8;4;0;14550
21/09/2024;30,4;65;8;3;0;14550
22/09/2024;30,6;71;8;2;0;14550
23/09/2024;30,2;76;6,1;2;0;14550
24/09/2024;30,4;70;3,5;3;0;14550
25/09/2024;30,3;70;6,4;2;0;14500
26/09/2024;30,1;74;5,4;1;1;14550
27/09/2024;30,9;67;5,2;2;2;14550
28/09/2024;31,2;65;7;3;0;14550
29/09/2024;31,4;61;8;4;0;14550
30/09/2024;31;66;8;3;0;14550
01/10/2024;30,8;65;8;2;0;14550
02/10/2024;30,5;65;8;3;0;14500
03/10/2024;30,5;64;7,5;3;0;14500
04/10/2024;30,6;64;4,8;3;0;14500
05/10/2024;31,1;63;8;3;0;14500
06/10/2024;30,8;65;8;3;0;14500
07/10/2024;30,3;67;8;2;0;14500
08/10/2024;30,6;64;8;2;0;14500
09/10/2024;30,8;65;8;4;0;14450
10/10/2024;31,1;64;8;4;0;14500
11/10/2024;31,4;60;8;3;0;14500
12/10/2024;31,3;65;8;4;0;14500
13/10/2024;31,7;65;8;2;0;14500
14/10/2024;30,8;65;8;2;0;14500
15/10/2024;31;64;7,5;2;0;14500
16/10/2024;30,6;58;3,6;3;0;14500
17/10/2024;30,4;59;8;2;0;14500
18/10/2024;30,3;63;8;2;0;14500
19/10/2024;30,3;69;5,2;2;0;14500
20/10/2024;28;76;6,1;1;4;14500
21/10/2024;27,8;80;2,9;1;3,4;14500
22/10/2024;29,7;72;4;1;2;14500
23/10/2024;30,4;68;6,4;2;0;14450
24/10/2024;30,2;69;7,2;1;0;14500
25/10/2024;30,6;69;7,4;1;0;14500
26/10/2024;31,2;67;8;2;0;14500
27/10/2024;31,7;62;8;2;0;14500
28/10/2024;31,2;65;8;2;0;14500
29/10/2024;31,3;65;8;2;0;14500
30/10/2024;31,4;64;8;3;0;14450
31/10/2024;31,2;68;8;2;0;14500
01/11/2024;27,7;83;7,9;1;38,5;14500
02/11/2024;29,8;72;1,2;2;0,84;14500
03/11/2024;28;81;5,2;1;0;14500
04/11/2024;28,7;78;4,3;1;11,5;14500
05/11/2024;30,5;69;5,4;3;0;14500
06/11/2024;31,4;65;8;2;0;14450
07/11/2024;31;72;8;2;0;14500
08/11/2024;30,1;73;8;2;0;14500
09/11/2024;31,2;71;3,7;2;0;14500
10/11/2024;29,1;79;7,9;1;22,6;14500
11/11/2024;30,3;73;4,7;1;0;14500
12/11/2024;28,6;78;4,7;1;1;14500
13/11/2024;31,3;70;5;1;0;14450
14/11/2024;31,4;64;8;3;0;14450
15/11/2024;31,3;70;7,5;2;0;14500
16/11/2024;30,7;70;7,2;2;0;14500
17/11/2024;30,3;73;6,2;1;0;14500
18/11/2024;30,5;74;7,7;1;0;14500
19/11/2024;29,4;79;3,5;2;5,02;14500
20/11/2024;29,7;77;7,2;2;7,2;14450
21/11/2024;30,3;74;5,8;2;0;14500
22/11/2024;30,4;74;7,8;2;3,2;14500
23/11/2024;29,5;78;3,6;1;0;14500
24/11/2024;29,3;79;3,2;1;4;14500
25/11/2024;30,1;75;1,1;1;0;14500
26/11/2024;30;78;4,3;1;0;14500
27/11/2024;29,5;81;1;1;18,6;14500
28/11/2024;29,4;76;1,9;2;14,9;14500
29/11/2024;28,9;78;3,2;2;0;14500
30/11/2024;28,3;83;2,9;1;32,13;14500
01/12/2024;28,5;81;5,9;1;26,6;14500
02/12/2024;27,3;88;0,1;1;0;14500
03/12/2024;29,8;73;1,2;2;2,8;14500
04/12/2024;29,3;78;8;2;0;14450
05/12/2024;29,7;78;3,4;2;0,32;14550
06/12/2024;26,7;88;2,2;1;26,92;14550
07/12/2024;28,6;80;0;1;5;14550
08/12/2024;28,8;82;5,7;2;3,5;14550
09/12/2024;28,8;81;5,6;2;15,1;14550
10/12/2024;28,2;84;0,1;2;6,4;14550
11/12/2024;28,6;82;5;1;32,13;14450
12/12/2024;26,1;93;1;1;6,4;14450
13/12/2024;28,5;80;1,5;2;16,2;14500
14/12/2024;27,1;87;5,4;1;9;14500
15/12/2024;28,6;82;0,5;2;3;14500
16/12/2024;27,2;89;0;1;10,5;14500
17/12/2024;28,2;84;0;2;2,2;14500
18/12/2024;28,9;79;2,1;1;4,9;14450
19/12/2024;29,9;73;3,8;3;0;14500
20/12/2024;30,3;75;8;3;0;14500
21/12/2024;29,6;74;3,8;1;0;14500
22/12/2024;28,5;79;5,7;1;0;14500
23/12/2024;28,2;82;0,5;3;2;14500
24/12/2024;28,4;82;6,5;2;39;14500
25/12/2024;27,6;85;5;1;12,4;14550
26/12/2024;28,8;76;0,6;2;18,6;14550
27/12/2024;29,6;71;2,8;2;0;14550
28/12/2024;28,5;79;4,8;2;0;14550
29/12/2024;27,9;83;1,3;1;12,3;14550
30/12/2024;28,5;76;0,6;3;0;14550
31/12/2024;28;82;4,8;2;0,4;14550
